frame_index,timestamp,x,y,theta,x_mm,y_mm,theta_unwrapped,omega_rad_s,y_up_mm,y_physical_mm,y_physical_mm_interp,v_mm_s,v_m_s,omega_rad_s_energy,ep_j,ek_trans_j,ek_rot_j,e_total_j,ep_j_per_kg,ek_trans_j_per_kg,ek_rot_j_per_kg,e_total_j_per_kg
9742,40.58853821451509,525.9119262695312,832.700830078125,3949.992,97.01521307047044,153.60870217760484,3949.992,18.10368970775744,19.56060700057722,26.08797922730288,26.08797922730288,336.00185784555975,0.33600185784555975,18.10368970775744,0.2559230762198413,0.05644862423783387,0.06827991271557557,0.3806516131732507,0.2559230762198413,0.05644862423783387,0.06827991271557557,0.3806516131732507
9743,40.59270456005138,533.5,831.0,,98.41498849480372,153.29494927681702,3953.388,14.226536952333843,19.87435990136504,26.106642699681217,26.106642699681217,322.9608914741107,0.3229608914741107,14.226536952333843,0.2561061648838728,0.05215186871087616,0.04216549034502507,0.35042352393977405,0.2561061648838728,0.05215186871087616,0.04216549034502507,0.35042352393977405
9744,40.596870905587664,540.5,831.0,,99.7062816896746,153.29494927681702,3956.784,14.226536952335664,19.87435990136504,26.106642699681217,26.106642699681217,332.07828979422277,0.33207828979422277,14.226536952335664,0.2561061648838728,0.0551379952763279,0.04216549034503587,0.35340965050523654,0.2561061648838728,0.0551379952763279,0.04216549034503587,0.35340965050523654
9745,40.60103725112396,548.5,832.5,,101.18204534095564,153.57165496143222,3960.18,14.226536952335664,19.597654216749845,26.09018296691452,26.09018296691452,324.16897127767305,0.3241689712776731,14.226536952335664,0.2559446949054314,0.05254276096961242,0.04216549034503587,0.3506529462200797,0.2559446949054314,0.05254276096961242,0.04216549034503587,0.3506529462200797
9746,40.60520359666024,555.1428161621093,832.2151794433594,3963.576,102.40744867022852,153.51911398335375,3963.576,11.416247943883718,19.650195194828314,26.09330834708036,26.09330834708036,303.9192464005151,0.3039192464005151,11.416247943883718,0.25597535488485834,0.046183454166328505,0.027152232732547757,0.3293110417837346,0.25597535488485834,0.046183454166328505,0.027152232732547757,0.3293110417837346
9747,40.60936994219653,562.2282897949219,832.7344787597656,3965.631,103.7145092251554,153.61490936526465,3965.631,12.328559578903878,19.55439981291741,26.08760999509771,26.08760999509771,319.66697665865775,0.31966697665865773,12.328559578903878,0.2559194540519085,0.05109348798304341,0.03166528776887138,0.33867822980382334,0.2559194540519085,0.05109348798304341,0.03166528776887138,0.33867822980382334
9748,40.61353628773282,569.5824279785156,832.6554138183593,3969.462,105.07113045238609,153.6003242194374,3969.462,11.895484723143454,19.568984958744664,26.088477586968885,26.088477586968885,318.72154297907787,0.31872154297907784,11.895484723143454,0.2559279651281648,0.05079171097948208,0.029479699333029026,0.3361993754406759,0.2559279651281648,0.05079171097948208,0.029479699333029026,0.3361993754406759
9749,40.617702633269104,576.6249816894531,834.1249816894531,3971.31,106.37027354973556,153.87141607534377,3971.31,11.455325146400355,19.297893102838287,26.07235179067506,26.07235179067506,323.5163160206414,0.3235163160206414,11.455325146400355,0.2557697710665224,0.052331403365783756,0.02733843212703174,0.33543960655933786,0.2557697710665224,0.052331403365783756,0.02733843212703174,0.33543960655933786
9750,40.6218689788054,584.19521484375,835.1053894042968,3974.931,107.7667579148398,154.05227233396897,3974.931,12.761700352995833,19.11703684421309,26.06159362468257,26.06159362468257,325.2636485645784,0.3252636485645784,12.761700352995833,0.25566423345813605,0.05289822053877078,0.03392937414576125,0.3424918281426681,0.25566423345813605,0.05289822053877078,0.03392937414576125,0.3424918281426681
9751,40.62603532434168,591.3158996582031,837.6825866699218,3977.403,109.08031389251464,154.52768908981773,3977.403,13.1174595144239,18.641620088364334,26.03331363916306,26.03331363916306,315.188102717743,0.315188102717743,13.1174595144239,0.25538680680018966,0.04967177004740526,0.03584744669011461,0.3409060235377095,0.25538680680018966,0.04967177004740526,0.03584744669011461,0.3409060235377095
9752,40.63020166987797,598.4305236816406,839.1291564941406,3981.194,110.39275183330464,154.79453848552052,3981.194,14.532823667483171,18.374770692661542,26.017440204006384,26.017440204006384,331.5575195406218,0.3315575195406218,14.532823667483171,0.25523108840130265,0.0549651943819649,0.04400061744794981,0.35419690023121736,0.25523108840130265,0.0549651943819649,0.04400061744794981,0.35419690023121736
9753,40.63436801541425,606.290283203125,842.1503601074219,3984.341,111.84264525950672,155.35186129497043,3984.341,11.249867738730243,17.817447883211628,25.984288067934116,25.984288067934116,358.0473762364638,0.35804737623646377,11.249867738730243,0.2549058659464337,0.06409896181490791,0.026366567528942404,0.34537139529028404,0.2549058659464337,0.06409896181490791,0.026366567528942404,0.34537139529028404
9754,40.638534360950544,614.5999999999999,845.05,3986.565,113.37554250966514,155.88675918937932,3986.565,13.87154309257494,17.282549988802742,25.952469869433116,25.952469869433116,348.91526756721925,0.34891526756721924,13.87154309257494,0.2545937294191389,0.0608709319707521,0.04008743911857575,0.35555210050846675,0.2545937294191389,0.0608709319707521,0.04008743911857575,0.35555210050846675
9755,40.64270070648684,622.0470642089844,848.1382202148436,3990.964,114.74930584321204,156.45644458190654,3990.964,18.79368782234451,16.712864596275523,25.918582349792413,25.918582349792413,332.14658603095484,0.3321465860309548,18.79368782234451,0.2542612928514636,0.05516067730600924,0.0735838962424459,0.38300586639991874,0.2542612928514636,0.05516067730600924,0.0735838962424459,0.38300586639991874
9756,40.64686705202312,629.5966186523438,852.6047302246093,3995.538,116.14197559707166,157.2803837219684,3995.538,13.0301257339961,15.888925456213656,25.869570642352056,25.869570642352056,345.9359998421111,0.3459359998421111,13.0301257339961,0.2537804880014737,0.059835857993380544,0.035371703467447384,0.3489880494623016,0.2537804880014737,0.059835857993380544,0.035371703467447384,0.3489880494623016
9757,40.65103339755941,637.6638305664062,857.2794677734375,3997.185,117.630137860816,158.1427346911983,3997.185,13.508860510321028,15.026574486983748,25.81827402181327,25.81827402181327,351.711061527912,0.35171106152791204,13.508860510321028,0.25327726815398816,0.06185033540054537,0.038018606726523116,0.35314621028105664,0.25327726815398816,0.06185033540054537,0.038018606726523116,0.35314621028105664
9758,40.65519974309569,645.4720886230468,862.8199035644532,4001.987,119.07053078829256,159.16478141027798,4001.987,19.03600355706658,14.00452776790408,25.757477960125815,25.757477960125815,343.4882968778211,0.34348829687782106,19.03600355706658,0.2526808587888343,0.05899210504601307,0.0754936315468024,0.3871665953816497,0.2526808587888343,0.05899210504601307,0.0754936315468024,0.3871665953816497
9759,40.659366088631984,653.1628051757812,869.374755859375,4006.273,120.48924078089638,160.3739580048232,4006.273,17.705572159671647,12.795351173358853,25.68555054872607,25.68555054872607,311.4898419970241,0.31148984199702406,17.705572159671647,0.25197525088300277,0.048512960833665505,0.06530985114611244,0.3657980628627807,0.25197525088300277,0.048512960833665505,0.06530985114611244,0.3657980628627807
9760,40.66353243416827,659.5152221679687,877.5026306152342,4010.44,121.66107404275267,161.87331077068092,4010.44,19.921897802178137,11.295998407501145,25.596362117764297,25.596362117764297,294.78138607380674,0.2947813860738067,19.921897802178137,0.25110031237526775,0.043448032787797346,0.08268375250842296,0.3772320976714881,0.25110031237526775,0.043448032787797346,0.08268375250842296,0.3772320976714881
9761,40.66769877970456,666.442822265625,885.7129394531249,4015.784,122.93901159459418,163.38787018927474,4015.784,20.557630035265905,9.781438988907325,25.506269124828453,25.506269124828453,327.61312442697687,0.3276131244269769,20.557630035265905,0.25021650011456714,0.053665179648402915,0.08804503180559728,0.3919267115685673,0.25021650011456714,0.053665179648402915,0.08804503180559728,0.3919267115685673
9762,40.67186512524085,674.2815429687499,893.9177001953125,4020.255,124.38502398037116,164.90140614812196,4020.255,18.88153896169933,8.267903030060097,25.416237012007702,25.416237012007702,316.7298954674226,0.3167298954674226,18.88153896169933,0.24933328508779556,0.05015891334140222,0.07427344032545206,0.37376563875464985,0.24933328508779556,0.05015891334140222,0.07427344032545206,0.37376563875464985
9763,40.67603147077713,680.7134887695312,902.8348815917968,4024.799,125.5715279578465,166.54636267022337,4024.799,21.753811787973973,6.622946507958687,25.318387396795476,25.318387396795476,304.0333970970895,0.3040333970970895,21.753811787973973,0.24837338036256362,0.04621815327519825,0.09858923485554072,0.3931807684933026,0.24837338036256362,0.04621815327519825,0.09858923485554072,0.3931807684933026
9764,40.680197816313424,687.975,911.525,4030.641,126.91106224875836,168.14943277924266,4030.641,27.095912130198485,5.019876398939402,25.2230293789888,25.2230293789888,302.47829224651645,0.30247829224651646,27.095912130198485,0.24743791820788016,0.04574655864018451,0.1529559279515495,0.4461404047996142,0.24743791820788016,0.04574655864018451,0.1529559279515495,0.4461404047996142
9765,40.68436416184971,694.3383728027343,920.0264526367188,4037.735,128.08491653398656,169.71769962728723,4037.735,39.15309947969581,3.4516095508948297,25.129741619969362,25.129741619969362,296.69883779405427,0.29669883779405426,39.15309947969581,0.24652276529189945,0.04401510017417126,0.3193677497639493,0.6099056152300201,0.24652276529189945,0.04401510017417126,0.3193677497639493,0.6099056152300201
9766,40.688530507386,701.3557678222655,924.2452819824218,4049.334,129.37941859604965,170.49594900220555,4049.334,37.08438292753817,2.673360175976512,25.0834477508903,25.0834477508903,299.65942495971444,0.2996594249597144,37.08438292753817,0.24606862243623384,0.04489788548359336,0.28651072023255936,0.5774772281523866,0.24606862243623384,0.04489788548359336,0.28651072023255936,0.5774772281523866
9767,40.69269685292228,707.8736022949219,922.2522399902344,4055.44,130.58176649602623,170.12829163626216,4055.44,28.214653842624102,3.0410175419198993,25.105317709946448,25.105317709946448,307.17898733979126,0.30717898733979127,28.214653842624102,0.24628316673457465,0.04717946513154982,0.16584722738731317,0.45930985925343765,0.24628316673457465,0.04717946513154982,0.16584722738731317,0.45930985925343765
9768,40.69686319845857,715.2218078613281,915.6140563964844,4062.804,131.93729333065664,168.90374287898888,4062.804,28.59729968742431,4.265566299193182,25.1781595286194,25.1781595286194,320.6032568981739,0.3206032568981739,28.59729968742431,0.24699774497575633,0.05139322416685825,0.17037615612757473,0.4687671252701893,0.24699774497575633,0.05139322416685825,0.17037615612757473,0.4687671252701893
9769,40.70102954399486,722.327490234375,907.1095214843748,4069.093,133.248081801118,167.33490744219617,4069.093,25.60462805322095,5.834401735985892,25.271481109925002,25.271481109925002,306.00719277855313,0.30600719277855315,25.60462805322095,0.24791322968836427,0.046820201016105296,0.1365827036966228,0.43131613440109234,0.24791322968836427,0.046820201016105296,0.1365827036966228,0.43131613440109234
9770,40.70519588953115,729.0,897.0,,134.47896272298388,165.46999939988552,4075.029,24.862927131109245,7.699309778296538,25.38241445794636,25.38241445794636,248.03522193158605,0.24803522193158606,24.862927131109245,0.2490014858324538,0.030760735659325574,0.1287844053180934,0.40854662680987275,0.2490014858324538,0.030760735659325574,0.1287844053180934,0.40854662680987275
9771,40.70936223506744,733.4838256835938,889.7602661132812,4080.964,135.30609609329989,164.13448238551464,4080.964,22.011792111936305,9.034826792667417,25.461857181331307,25.461857181331307,221.06076302661006,0.22106076302661007,22.011792111936305,0.24978081894886014,0.024433930474953527,0.1009414566623128,0.3751562060861265,0.24978081894886014,0.024433930474953527,0.1009414566623128,0.3751562060861265
9772,40.71352858060372,738.94931640625,882.7209350585938,4085.538,136.3143176614136,162.83593377303447,4085.538,16.119809156165502,10.333375405147592,25.539100853342305,25.539100853342305,260.56929407991584,0.26056929407991586,16.119809156165502,0.25053857937128804,0.03394817850865284,0.054135051506499415,0.33862180938644026,0.25053857937128804,0.03394817850865284,0.054135051506499415,0.33862180938644026
9773,40.71769492614001,745.2255981445312,876.0304748535154,4088.66,137.4721062182329,161.60174152540986,4088.66,21.694389421150845,11.567567652772198,25.61251631138353,25.61251631138353,296.3092604373282,0.2963092604373282,21.694389421150845,0.2512587850146724,0.04389958891045819,0.09805136090761286,0.39320973483274346,0.2512587850146724,0.04389958891045819,0.09805136090761286,0.39320973483274346
9774,40.721861271676296,752.310986328125,869.5708496093749,4095.895,138.77915101030337,160.41013150838486,4095.895,23.885913796122622,12.759177669797197,25.683398781577925,25.683398781577925,270.6969926723337,0.2706969926723337,23.885913796122622,0.25195414204727945,0.03663843092092275,0.11886184955745857,0.4074544225256608,0.25195414204727945,0.03663843092092275,0.11886184955745857,0.4074544225256608
9775,40.72602761721259,757.4341796874999,864.5644226074219,4100.064,139.7242288275846,159.48659363435058,4100.064,13.98697205890312,13.682715543831478,25.73833508195669,25.73833508195669,236.54180284348217,0.23654180284348217,13.98697205890312,0.25249306715399517,0.027976012246222395,0.040757372370111795,0.3212264517703293,0.25249306715399517,0.027976012246222395,0.040757372370111795,0.3212264517703293
9776,40.73019396274887,762.9791320800781,859.5460632324218,4102.573,140.74710872621594,158.5608545900143,4102.573,11.055133044008471,14.608454588167774,25.793402318116538,25.793402318116538,242.42328733612,0.24242328733612,11.055133044008471,0.25303327674072323,0.029384525121425503,0.025461659712651675,0.3078794615748004,0.25303327674072323,0.029384525121425503,0.025461659712651675,0.3078794615748004
9777,40.73436030828516,768.3738891601562,856.4050903320311,4105.342,141.74228202699973,157.98143788550738,4105.342,13.537736728365417,15.187871292674686,25.82786870116179,25.82786870116179,260.565476943796,0.260565476943796,13.537736728365417,0.2533713919583972,0.03394718388747394,0.03818131577636125,0.32549989162223236,0.2533713919583972,0.03394718388747394,0.03818131577636125,0.32549989162223236
9778,40.73852665382145,774.7411743164062,852.285284423828,4109.036,142.9168580258666,157.22145540929998,4109.036,16.951910059240618,15.947853768882084,25.873075970694927,25.873075970694927,278.1465644887394,0.27814656448873937,16.951910059240618,0.2538148752725172,0.03868275566844422,0.059868178053454846,0.3523658089944163,0.2538148752725172,0.03868275566844422,0.059868178053454846,0.3523658089944163
9779,40.742692999357736,780.9299926757812,848.8600036621093,4113.435,144.0585121732599,156.5895923038529,4113.435,14.754365144615804,16.579716874329165,25.9106621080208,25.9106621080208,278.61150603275155,0.27861150603275153,14.754365144615804,0.2541835952796841,0.03881218564691897,0.04535235225430287,0.33834813318090595,0.2541835952796841,0.03881218564691897,0.04535235225430287,0.33834813318090595
9780,40.74685934489403,787.3207153320311,845.9839477539061,4116.08,145.23741169844888,156.0590449578056,4116.08,3.883835349672154,17.11026422037645,25.942221515801545,25.942221515801545,282.6640733725535,0.2826640733725535,3.883835349672154,0.25449319307001317,0.039949489187782156,0.003142536879867297,0.29758521913766267,0.25449319307001317,0.039949489187782156,0.003142536879867297,0.29758521913766267
9781,40.75102569043031,793.694903564453,844.0014282226562,4115.289,146.4132611109278,155.69332867503394,4115.289,8.934916308235188,17.475980503148122,25.96397601026097,25.96397601026097,280.7242409639433,0.28072424096394333,8.934916308235188,0.25470660466066014,0.03940304973239106,0.016631818632326486,0.3107414730253777,0.25470660466066014,0.03940304973239106,0.016631818632326486,0.3107414730253777
9782,40.7551920359666,799.9984374999999,841.4755920410156,4120.346,147.57607689301489,155.2273865217895,4120.346,16.780634295406344,17.941922656392563,25.991692402635817,25.991692402635817,227.828750874086,0.22782875087408602,16.780634295406344,0.25497850246985737,0.025952969862423177,0.05866451819920159,0.33959599053148215,0.25497850246985737,0.025952969862423177,0.05866451819920159,0.33959599053148215
9783,40.759358381502885,803.9729309082031,835.2431335449219,4123.301,148.3092535060252,154.0776820584579,4123.301,7.767524880069686,19.091627119724166,26.060082136852657,26.060082136852657,201.0350187241969,0.2010350187241969,7.767524880069686,0.2556494057625246,0.0202075393767191,0.012569675575521168,0.2884266207147649,0.2556494057625246,0.0202075393767191,0.012569675575521168,0.2884266207147649
9784,40.763524727039176,809.0669921875,833.5094360351561,4124.055,149.24895731519825,153.7578660875543,4124.055,5.577810262524508,19.411443090627756,26.079106268658684,26.079106268658684,226.435256313664,0.226435256313664,5.577810262524508,0.2558360324955417,0.02563646265091736,0.006481659859317444,0.2879541550057765,0.2558360324955417,0.02563646265091736,0.006481659859317444,0.2879541550057765
9785,40.76769107257547,814.1999999999999,832.5999633789062,4125.964,150.19584560912685,153.59009525156335,4125.964,11.9876235494321,19.579213926618706,26.08908605324568,26.08908605324568,217.36671446673498,0.21736671446673497,11.9876235494321,0.2559339341823401,0.023624144279031544,0.029938149658937315,0.30949622812030897,0.2559339341823401,0.023624144279031544,0.029938149658937315,0.30949622812030897
9786,40.77185741811175,818.88486328125,831.4388122558593,4129.778,151.0600644768381,153.37589717393374,4129.778,16.119814149969898,19.793412004248324,26.101827544703752,26.101827544703752,219.00112773620287,0.21900112773620287,16.119814149969898,0.2560589282135438,0.023980746974864322,0.05413508504782703,0.33417476023623516,0.2560589282135438,0.023980746974864322,0.05413508504782703,0.33417476023623516
9787,40.77602376364804,824.0914611816406,830.2231689453125,4133.66,152.0205279678672,153.15164689760527,4133.66,12.54957196165742,20.017662280576786,26.115166987391238,26.115166987391238,223.93854092532416,0.22393854092532417,12.54957196165742,0.25618978814630805,0.025074235055881543,0.032810782587670444,0.31407480578986,0.25618978814630805,0.025074235055881543,0.032810782587670444,0.31407480578986
9788,40.780190109184325,829.0,830.0,,152.92600836399677,153.1104788204069,4135.769,8.837136971413202,20.05883035777515,26.117615854859018,26.117615854859018,267.4011025259547,0.26740110252595467,8.837136971413202,0.25621381153616696,0.03575167481604806,0.016269789552399605,0.30823527590461464,0.25621381153616696,0.03575167481604806,0.016269789552399605,0.30823527590461464
9789,40.784356454720616,836.1701904296874,829.9455444335938,4137.879,154.24869666510875,153.10043337721788,4137.879,1.4854525530845422,20.06887580096418,26.118213404239487,26.118213404239487,275.9736240229804,0.2759736240229804,1.4854525530845422,0.2562196734955894,0.038080720578188676,0.00045970193488862183,0.2947600960086667,0.2562196734955894,0.038080720578188676,0.00045970193488862183,0.2947600960086667
9790,40.7885228002569,841.4659362792968,829.5213500976562,4136.479,155.22560531901823,153.02218205446087,4136.479,2.567778764745526,20.14712712372119,26.122868154513277,26.122868154513277,236.70254408114988,0.23670254408114988,2.567778764745526,0.2562653365957753,0.028014047187244352,0.0013736432884745961,0.28565302707149426,0.2562653365957753,0.028014047187244352,0.0013736432884745961,0.28565302707149426
9791,40.79268914579319,846.8622497558594,829.8849548339844,4139.105,156.2210657289719,153.08925638612422,4139.105,13.524807249914376,20.08005279205784,26.118878263318162,26.118878263318162,308.4260978710255,0.3084260978710255,13.524807249914376,0.2562261957631512,0.0475633289239737,0.03810841898902844,0.34189794367615334,0.2562261957631512,0.0475633289239737,0.03810841898902844,0.34189794367615334
9792,40.79685549132948,855.3978088378906,829.6678466796875,4142.936,157.79562420854978,153.04920634581072,4142.936,9.863761705486468,20.120102832371344,26.12126062478563,26.12126062478563,309.3990823366442,0.3093990823366442,9.863761705486468,0.25624956672914706,0.04786389607537877,0.020269540621379444,0.32438300342590526,0.25624956672914706,0.04786389607537877,0.020269540621379444,0.32438300342590526
9793,40.801021836865765,860.8380432128906,829.3791870117187,4143.814,158.7991867266841,152.9959571651133,4143.814,5.812213302255259,20.17335201306875,26.124428132115824,26.124428132115824,239.89721066122695,0.23989721066122696,5.812213302255259,0.2562806399760562,0.028775335841518552,0.007037879889773539,0.2920938557073483,0.2562806399760562,0.028775335841518552,0.007037879889773539,0.2920938557073483
9794,40.805188182402055,866.2341674804686,829.4584167480468,4145.711,159.79461223317,153.010572710735,4145.711,9.040188360506365,20.158736467447056,26.1235587319244,26.1235587319244,223.64209611465824,0.22364209611465824,9.040188360506365,0.2562721111601784,0.025007893577279016,0.017026042831965578,0.29830604756942297,0.2562721111601784,0.025007893577279016,0.017026042831965578,0.29830604756942297
9795,40.80935452793834,870.9399963378905,830.3199707031249,4148.13,160.66269863028657,153.1695039620502,4148.13,11.728119114057336,19.999805216131875,26.11410476668128,26.11410476668128,240.09697277922112,0.24009697277922112,11.728119114057336,0.25617936776114336,0.028823278168873024,0.028655995406982722,0.3136586413369991,0.25617936776114336,0.028823278168873024,0.028655995406982722,0.3136586413369991
9796,40.81352087347463,877.0788391113281,831.5557495117187,4151.31,161.7951337585326,153.39746864289347,4151.31,9.213353283372273,19.77184053528859,26.100544374049143,26.100544374049143,248.93659063766694,0.24893659063766693,9.213353283372273,0.2560463403094221,0.03098471307915268,0.01768455806754722,0.30471561145612197,0.2560463403094221,0.03098471307915268,0.01768455806754722,0.30471561145612197
9797,40.817687219010914,882.1841247558593,832.196484375,4152.529,162.73690813148335,153.51566529556086,4152.529,7.585434517131944,19.653643882621196,26.09351349096653,26.09351349096653,240.6630671117896,0.24066306711178959,7.585434517131944,0.25597736734638166,0.02895935593582687,0.011987253502853488,0.29692397678506205,0.25597736734638166,0.02895935593582687,0.011987253502853488,0.29692397678506205
9798,40.8218535645472,887.9491821289062,833.5031127929686,4154.931,163.8003908963199,153.756699636182,4154.931,9.580316561232394,19.41260954200007,26.079175654576435,26.079175654576435,249.46571556671807,0.24946571556671807,9.580316561232394,0.25583671317139484,0.03111657162160734,0.019121346961129937,0.30607463175413213,0.25583671317139484,0.03111657162160734,0.019121346961129937,0.30607463175413213
9799,40.826019910083495,893.4510498046875,835.4464599609374,4157.103,164.81532293757942,154.11518977522053,4157.103,9.891343152978152,19.054119402961533,26.057851004537973,26.057851004537973,229.8983218649835,0.2298983218649835,9.891343152978152,0.2556275183545175,0.026426619198167772,0.020383056118743286,0.3024371936714286,0.2556275183545175,0.026426619198167772,0.020383056118743286,0.3024371936714286
9800,40.83018625561978,898.331671142578,837.111328125,4159.654,165.71565338334509,154.42230876530783,4159.654,10.48687320256795,18.74700041287423,26.039582147823133,26.039582147823133,236.6156626989025,0.2366156626989025,10.48687320256795,0.255448300870145,0.0279934859172204,0.022911356159737037,0.3063531429471024,0.255448300870145,0.0279934859172204,0.022911356159737037,0.3063531429471024
9801,40.83435260115607,904.1368652343748,839.1899902343749,4162.109,166.78654018700826,154.80576051334668,4162.109,10.726895778858308,18.363548664835378,26.016772665934745,26.016772665934745,250.2534746405569,0.2502534746405569,10.726895778858308,0.25522453985281984,0.03131340078483593,0.02397214438551838,0.3105100850231741,0.25522453985281984,0.03131340078483593,0.02397214438551838,0.3105100850231741
9802,40.83851894669235,909.6326904296876,841.5958374023437,4164.775,167.80035756913784,155.2495682384749,4164.775,11.097180940409087,17.919740939707168,25.990372931626553,25.990372931626553,255.7138389399147,0.2557138389399147,11.097180940409087,0.2549655584592565,0.03269478371269431,0.025655713505037238,0.31331605567698806,0.2549655584592565,0.03269478371269431,0.025655713505037238,0.31331605567698806
9803,40.84268529222864,915.6834838867188,844.4247802734375,4167.408,168.9165501997998,155.77142462106374,4167.408,15.710212707155732,17.397884557118317,25.95933050251291,25.95933050251291,278.8960493142599,0.27889604931425993,15.710212707155732,0.25466103222965164,0.03889150316155105,0.05141891318834948,0.34497144857955214,0.25466103222965164,0.03889150316155105,0.05141891318834948,0.34497144857955214
9804,40.84685163776493,922.2256652832028,847.5635559082032,4172.276,170.12338938792712,156.35043599497794,4172.276,18.05468755372021,16.81887318320412,25.924888230404324,25.924888230404324,268.1179113802223,0.26811791138022234,18.05468755372021,0.2543231535402664,0.03594360720144638,0.06791077972134574,0.35817754046305855,0.2543231535402664,0.03594360720144638,0.06791077972134574,0.35817754046305855
9805,40.85101798330122,927.7873168945312,851.4862304687499,4176.027,171.14934979906295,157.07405356151042,4176.027,15.771840341321877,16.095255616671636,25.881844113739433,25.881844113739433,267.7012666818645,0.2677012666818645,15.771840341321877,0.2539008907557838,0.03583198409153737,0.05182311411503088,0.34155598896235206,0.2539008907557838,0.03583198409153737,0.05182311411503088,0.34155598896235206
9806,40.85518432883751,934.3089782714844,855.3991638183593,4179.806,172.35240364982184,157.79587416241526,4179.806,14.350865141192116,15.373435015766802,25.838906888893778,25.838906888893778,283.8986945728401,0.2838986945728401,14.350865141192116,0.25347967658004794,0.04029923439008138,0.04290569381264231,0.3366846047827716,0.25347967658004794,0.04029923439008138,0.04290569381264231,0.3366846047827716
9807,40.85935067437379,940.599578857422,860.6889038085938,4182.879,173.51283361100354,158.77167491270473,4182.879,13.956537771522562,14.397634265477336,25.780861751130715,25.780861751130715,260.1916535971095,0.2601916535971095,13.956537771522562,0.25291025377859233,0.03384984830079911,0.04058019720165334,0.3273402992810448,0.25291025377859233,0.03384984830079911,0.04058019720165334,0.3273402992810448
9808,40.86351701991008,946.0421081542968,866.9074890136719,4186.469,174.51681947442356,159.91882016371076,4186.469,16.40392109915956,13.250489014471299,25.712624250689014,25.712624250689014,254.14457451419312,0.25414457451419314,16.40392109915956,0.25224084389925927,0.032294732377500135,0.05606013071405255,0.340595706990812,0.25224084389925927,0.032294732377500135,0.05606013071405255,0.340595706990812
9809,40.86768336544637,952.0566650390624,872.8581481933593,4190.711,175.62632752806095,161.01654097852884,4190.711,17.109902283349584,12.152768199653224,25.6473267441001,25.6473267441001,262.1342122069931,0.26213421220699307,17.109902283349584,0.251600275359622,0.034357172604690435,0.060989324197035705,0.34694677216134817,0.251600275359622,0.034357172604690435,0.060989324197035705,0.34694677216134817
9810,40.87184971098266,957.8477294921876,882.2468139648436,4194.638,176.6946078308294,162.74847243847668,4194.638,16.97518921289884,10.42083673970538,25.544303457677096,25.544303457677096,270.52702115493497,0.270527021154935,16.97518921289884,0.2505896169198123,0.03659243458748132,0.060032718502857754,0.34721477001015133,0.2505896169198123,0.03659243458748132,0.060032718502857754,0.34721477001015133
9811,40.87601605651894,964.2343017578124,889.9370849609375,4198.815,177.87274173156553,164.1671002390437,4198.815,18.426678601414096,9.00220893913837,25.459916920677617,25.459916920677617,276.6104940471445,0.27661049404714455,18.426678601414096,0.24976178499184742,0.038256682708502694,0.0707380175582942,0.35875648525864434,0.24976178499184742,0.038256682708502694,0.0707380175582942,0.35875648525864434
9812,40.88018240205523,970.3,899.5500183105469,4203.435,178.99168385474798,165.9404024414863,4203.435,21.63784348997069,7.2289067366957624,25.354432711318495,25.354432711318495,272.9707552106524,0.2729707552106524,21.63784348997069,0.24872698489803444,0.03725651660013696,0.09754088977009732,0.38352439126826876,0.24872698489803444,0.03725651660013696,0.09754088977009732,0.38352439126826876
9813,40.88434874759152,976.5169372558594,908.1506896972656,4209.146,180.13852510780947,167.52697221762782,4209.146,24.76071778370897,5.642336960554246,25.26005620955876,25.26005620955876,289.74803949187617,0.28974803949187616,24.76071778370897,0.24780115141577144,0.041976963194692914,0.1277277385759337,0.4175058531863981,0.24780115141577144,0.041976963194692914,0.1277277385759337,0.4175058531863981
9814,40.88851509312781,983.3499633789062,916.349981689453,4215.256,181.39901655539023,169.03949935366657,4215.256,35.03540192009859,4.12980982451549,25.170084106180386,25.170084106180386,317.6503284895584,0.3176503284895584,35.03540192009859,0.2469185250816296,0.05045086559476217,0.25572487243809344,0.5530942631144853,0.2469185250816296,0.05045086559476217,0.25572487243809344,0.5530942631144853
9815,40.8926814386641,990.838134765625,923.0354064941404,4225.872,182.78036294877555,170.27276271868286,4225.872,34.16836430881267,2.8965464594992056,25.096723902369032,25.096723902369032,298.75349029672867,0.29875349029672865,34.16836430881267,0.2461988614822402,0.04462682398223877,0.2432243999041133,0.5340500853685922,0.2461988614822402,0.04462682398223877,0.2432243999041133,0.5340500853685922
9816,40.89684778420038,996.8347473144532,925.1564392089842,4231.569,183.88656080257255,170.66403059165089,4231.569,40.323601053940365,2.505278586531176,25.07344948125186,25.07344948125186,292.4344951820658,0.2924344951820658,40.323601053940365,0.24597053941108074,0.04275896698619484,0.3387485004077794,0.6274780068050549,0.24597053941108074,0.04275896698619484,0.3387485004077794,0.6274780068050549
9817,40.90101412973667,1004.0467407226564,920.4221069335936,4245.124,185.21696051821067,169.79068615601238,4245.124,41.63640629277143,3.378623022169677,25.12540004397299,25.12540004397299,292.09285964984787,0.2920928596498479,41.63640629277143,0.24648017443137504,0.04265911932921287,0.3611646518701535,0.6503039456307413,0.24648017443137504,0.04265911932921287,0.3611646518701535,0.6503039456307413
9818,40.90518047527296,1010.0100646972656,913.3289428710935,4251.448,186.3170176135283,168.4822069440111,4251.448,23.96389716311205,4.687102234170965,25.203234433932405,25.203234433932405,256.1752059832225,0.2561752059832225,23.96389716311205,0.24724372979687692,0.03281286808027324,0.11963924317587707,0.39969584105302725,0.24724372979687692,0.03281286808027324,0.11963924317587707,0.39969584105302725
9819,40.90934682080925,1015.580010986328,904.5900146484375,4256.565,187.34450814765157,166.87013286624236,4256.565,8.165481752217602,6.2991763119397035,25.299128049407273,25.299128049407273,258.5794688722648,0.2585794688722648,8.165481752217602,0.24818444616468538,0.03343167086113128,0.013890644217874719,0.2955067612436914,0.24818444616468538,0.03343167086113128,0.013890644217874719,0.2955067612436914
9820,40.91351316634553,1021.6475158691404,896.5330444335937,4255.346,188.46378354265465,165.3838598934273,4255.346,10.189030274279505,7.785449284754748,25.387538433837673,25.387538433837673,259.3339924428355,0.2593339924428355,10.189030274279505,0.24905175203594757,0.03362705981817033,0.021628403735455062,0.30430721558957297,0.24905175203594757,0.03362705981817033,0.021628403735455062,0.30430721558957297
9821,40.91767951188182,1027.254150390625,888.2886413574219,4261.43,189.4980419717577,163.8630110951368,4261.43,23.81099063704096,9.306298083045249,25.478005548140846,25.478005548140846,258.8770140123359,0.2588770140123359,23.81099063704096,0.2499392344272617,0.03350865419197158,0.11811734898276091,0.40156523760199425,0.2499392344272617,0.03350865419197158,0.11811734898276091,0.40156523760199425
9822,40.92184585741811,1033.3049072265626,881.053643798828,4266.714,190.61422784690976,162.52836779337684,4266.714,19.29808679690359,10.640941384805217,25.557396299062308,25.557396299062308,253.5380292151408,0.2535380292151408,19.29808679690359,0.2507180576938013,0.03214076612914879,0.07758669875433849,0.36044552257728857,0.2507180576938013,0.03214076612914879,0.07758669875433849,0.36044552257728857
9823,40.9260122029544,1038.6815307617187,875.5354736328125,4270.643,191.6060560443855,161.5104284243032,4270.643,13.991182841127738,11.658880753878861,25.617948036591507,25.617948036591507,234.83517628344353,0.23483517628344353,13.991182841127738,0.2513120702389627,0.027573780010037997,0.04078191610288902,0.3196677663518897,0.2513120702389627,0.027573780010037997,0.04078191610288902,0.3196677663518897
9824,40.93017854849069,1043.8893676757812,869.253594970703,4273.394,192.5667480968321,160.35160740039083,4273.394,13.568666401908558,12.817701777791228,25.68688006595895,25.68688006595895,224.33747695913303,0.22433747695913303,13.568666401908558,0.2519882934470573,0.02516365178419477,0.03835598081797545,0.3155079260492275,0.2519882934470573,0.02516365178419477,0.03835598081797545,0.3155079260492275
9825,40.93434489402697,1048.792236328125,864.1108459472655,4277.121,193.4711825148489,159.40292214083456,4277.121,14.0172625245159,13.7663870373475,25.743312249033615,25.743312249033615,223.38949021186588,0.22338949021186588,14.0172625245159,0.2525418931630198,0.024951432168558663,0.04093409347524956,0.318427418806828,0.2525418931630198,0.024951432168558663,0.04093409347524956,0.318427418806828
9826,40.93851123956326,1053.9664428710937,860.4420349121094,4280.086,194.4256707573906,158.7261348946968,4280.086,14.003567494695744,14.443174283485263,25.78357068184041,25.78357068184041,248.0230227079953,0.24802302270799528,14.003567494695744,0.25293682838885445,0.03075770989660537,0.040854146370520684,0.3245486846559805,0.25293682838885445,0.03075770989660537,0.040854146370520684,0.3245486846559805
9827,40.942677585099545,1059.9866210937498,856.5500610351562,4283.807,195.53621578179428,158.00818069727893,4283.807,14.303523804164795,15.16112848090313,25.826277915140167,25.826277915140167,253.05255544611185,0.2530525554461118,14.303523804164795,0.25335578634752504,0.03201779790890375,0.04262308192006437,0.32799666617649315,0.25335578634752504,0.03201779790890375,0.04262308192006437,0.32799666617649315
9828,40.94684393063584,1065.3890136718749,853.23896484375,4286.915,196.5327976063877,157.39738127163238,4286.915,11.217172253293027,15.771927906549678,25.86261108745709,25.86261108745709,232.39157077420606,0.23239157077420605,11.217172253293027,0.2537122147679541,0.02700292108345141,0.026213531950009788,0.3069286678014153,0.2537122147679541,0.02700292108345141,0.026213531950009788,0.3069286678014153
9829,40.95101027617213,1070.477490234375,850.3597595214843,4289.162,197.47147120030436,156.8662529517356,4289.162,7.906634502523957,16.303056226446472,25.89420505424706,25.89420505424706,206.39198629576552,0.20639198629576552,7.906634502523957,0.2540221515821637,0.021298826003555732,0.013023931074271307,0.2883449086599907,0.2540221515821637,0.021298826003555732,0.013023931074271307,0.2883449086599907
9830,40.95517662170841,1074.7053466796874,847.3548706054687,4290.69,198.25138580840763,156.31193972193643,4290.69,8.949546179659592,16.857369456245635,25.927178166614556,25.927178166614556,197.8763493691452,0.1978763493691452,8.949546179659592,0.25434561781448883,0.019577524819830005,0.016686328504554086,0.2906094711388729,0.25434561781448883,0.019577524819830005,0.016686328504554086,0.2906094711388729
9831,40.9593429672447,1079.4099853515625,844.9700073242187,4293.435,199.1192526514532,155.8720029039685,4293.435,11.200696669002356,17.297306274213554,25.95334764147755,25.95334764147755,210.729876345567,0.210729876345567,11.200696669002356,0.25460234036289475,0.02220354039230898,0.02613658455645844,0.3029424653116622,0.25460234036289475,0.02220354039230898,0.02613658455645844,0.3029424653116622
9832,40.963509312780985,1084.2216796875,843.6737426757812,4296.038,200.0068681017096,155.63288037264292,4296.038,8.338826951729061,17.536428805539146,25.967571754616355,25.967571754616355,199.91593677025048,0.1999159367702505,8.338826951729061,0.25474187891278643,0.019983190887363396,0.014486673943933956,0.28921174374408376,0.25474187891278643,0.019983190887363396,0.014486673943933956,0.28921174374408376
9833,40.96767565831728,1088.4383300781249,841.7495666503905,4297.416,200.7847155237901,155.27792674302566,4297.416,7.676427762955427,17.8913824351564,25.98868603673237,25.98868603673237,182.31685125367704,0.18231685125367705,7.676427762955427,0.2549490100203446,0.016619717125527702,0.012276571499973516,0.2838452986458458,0.2549490100203446,0.016619717125527702,0.012276571499973516,0.2838452986458458
9834,40.97184200385356,1092.4544799804687,840.1880798339843,4299.702,201.52557652928695,154.9898785573248,4299.702,8.204233732767534,18.17943062085726,26.005820473876884,26.005820473876884,180.44869183514015,0.18044869183514015,8.204233732767534,0.25511709884873224,0.016280865192506686,0.014022802321225148,0.2854207663624641,0.25511709884873224,0.016280865192506686,0.014022802321225148,0.2854207663624641
9835,40.97600834938985,1096.5881835937498,839.4269897460938,4301.333,202.28812272149315,154.84947992144242,4301.333,2.4575976305877703,18.319829256739638,26.014172033515592,26.014172033515592,178.1268893048487,0.1781268893048487,2.4575976305877703,0.255199027648788,0.015864594346710913,0.0012582887737230466,0.2723219107692219,0.255199027648788,0.015864594346710913,0.0012582887737230466,0.2723219107692219
9836,40.98017469492614,1100.5,838.5,,203.00973727934675,154.678477699893,4300.876,-1.915668281748367,18.490831478289067,26.02434403584771,26.02434403584771,175.1631456035967,0.1751631456035967,-1.915668281748367,0.25529881499166607,0.015341063788873408,0.0007645385345201544,0.2714044173150596,0.25529881499166607,0.015341063788873408,0.0007645385345201544,0.2714044173150596
9837,40.984341040462425,1104.5,838.0,,203.74761910498725,154.58624247168794,4300.418,-1.915668281748367,18.583066706494122,26.029830613436612,26.029830613436612,188.18473584449424,0.18818473584449424,-1.915668281748367,0.2553526383178132,0.017706747402431038,0.0007645385345201544,0.2738239242547644,0.2553526383178132,0.017706747402431038,0.0007645385345201544,0.2738239242547644
9838,40.98850738599872,1109.0,837.0,,204.57773615883283,154.4017720152778,4299.961,-1.915668281750186,18.76753716290426,26.040803768614413,26.040803768614413,177.11630327908813,0.17711630327908812,-1.915668281750186,0.2554602849701074,0.01568509244362496,0.0007645385345216064,0.27190991594825403,0.2554602849701074,0.01568509244362496,0.0007645385345216064,0.27190991594825403
9839,40.992673731535,1112.5,836.5,,205.22338275626828,154.30953678707274,4299.504,-1.915668281750186,18.859772391109317,26.046290346203314,26.046290346203314,166.03751295752699,0.16603751295752697,-1.915668281750186,0.2555141082962545,0.013784227854560469,0.0007645385345216064,0.2700628746853366,0.2555141082962545,0.013784227854560469,0.0007645385345216064,0.2700628746853366
9840,40.99684007707129,1116.5,836.5,,205.9612645819088,154.30953678707274,4299.047,-1.915668281750186,18.859772391109317,26.046290346203314,26.046290346203314,177.1065118533782,0.1771065118533782,-1.915668281750186,0.2555141082962545,0.015683358270435394,0.0007645385345216064,0.2719620051012115,0.2555141082962545,0.015683358270435394,0.0007645385345216064,0.2719620051012115
9841,41.00100642260757,1120.5,836.0,,206.6991464075493,154.21730155886766,4298.589,-1.915668281748367,18.9520076193144,26.051776923792215,26.051776923792215,177.11018370139905,0.17711018370139905,-1.915668281748367,0.25556793162240166,0.01568400858537166,0.0007645385345201544,0.27201647874229345,0.25556793162240166,0.01568400858537166,0.0007645385345201544,0.27201647874229345
9842,41.005172768143865,1124.5,835.5,,207.43702823318984,154.1250663306626,4298.132,-1.915668281748367,19.044242847519456,26.057263501381115,26.057263501381115,177.1052878864648,0.1771052878864648,-1.915668281748367,0.2556217549485487,0.015683141498673787,0.0007645385345201544,0.27206943498174263,0.2556217549485487,0.015683141498673787,0.0007645385345201544,0.27206943498174263
9843,41.00933911368016,1128.5,836.0,,208.17491005883036,154.21730155886766,4297.675,-1.915668281750186,18.9520076193144,26.051776923792215,26.051776923792215,188.175520348649,0.188175520348649,-1.915668281750186,0.25556793162240166,0.01770501322924241,0.0007645385345216064,0.2740374833861657,0.25556793162240166,0.01770501322924241,0.0007645385345216064,0.2740374833861657
9844,41.01350545921644,1133.0,836.0,,209.00502711267592,154.21730155886766,4297.217,-1.915668281750186,18.9520076193144,26.051776923792215,26.051776923792215,188.17436838004141,0.18817436838004142,-1.915668281750186,0.25556793162240166,0.017704796457613768,0.0007645385345216064,0.27403726661453703,0.25556793162240166,0.017704796457613768,0.0007645385345216064,0.27403726661453703
9845,41.01767180475273,1137.0,836.0,,209.74290893831645,154.21730155886766,4296.76,-1.915668281748367,18.9520076193144,26.051776923792215,26.051776923792215,177.10528788706506,0.17710528788706506,-1.915668281748367,0.25556793162240166,0.015683141498780098,0.0007645385345201544,0.27201561165570187,0.25556793162240166,0.015683141498780098,0.0007645385345201544,0.27201561165570187
9846,41.02183815028901,1141.0,836.0,,210.48079076395692,154.21730155886766,4296.303,-1.915668281748367,18.9520076193144,26.051776923792215,26.051776923792215,166.03620739403414,0.16603620739403413,-1.915668281748367,0.25556793162240166,0.013784011082897356,0.0007645385345201544,0.27011648123981913,0.25556793162240166,0.013784011082897356,0.0007645385345201544,0.27011648123981913
9847,41.026004495825305,1144.5,836.0,,211.1264373613924,154.21730155886766,4295.846,-1.915668281748367,18.9520076193144,26.051776923792215,26.051776923792215,166.0414295860525,0.16604142958605247,-1.915668281748367,0.25556793162240166,0.013784878169490011,0.0007645385345201544,0.2701173483264118,0.25556793162240166,0.013784878169490011,0.0007645385345201544,0.2701173483264118
9848,41.03017084136159,1148.5,837.0,,211.8643191870329,154.4017720152778,4295.388,-1.915668281748367,18.76753716290426,26.040803768614413,26.040803768614413,188.17897621250194,0.18817897621250193,-1.915668281748367,0.2554602849701074,0.017705663544192684,0.0007645385345201544,0.2739304870488202,0.2554602849701074,0.017705663544192684,0.0007645385345201544,0.2739304870488202
9849,41.03433718689788,1153.0,837.0,,212.6944362408785,154.4017720152778,4294.931,-1.915668281752005,18.76753716290426,26.040803768614413,26.040803768614413,177.1065118531854,0.1771065118531854,-1.915668281752005,0.2554602849701074,0.01568335827040125,0.0007645385345230583,0.27190818177503173,0.2554602849701074,0.01568335827040125,0.0007645385345230583,0.27190818177503173
9850,41.03850353243416,1156.5,837.5,,213.34008283831395,154.49400724348286,4294.474,-1.915668281748367,18.675301934699206,26.035317191025513,26.035317191025513,177.11630327935737,0.17711630327935737,-1.915668281748367,0.2554064616439603,0.01568509244367265,0.0007645385345201544,0.2718560926221531,0.2554064616439603,0.01568509244367265,0.0007645385345201544,0.2718560926221531
9851,41.04266987797045,1161.0,838.5,,214.17019989215956,154.678477699893,4294.016,-1.915668281746548,18.490831478289067,26.02434403584771,26.02434403584771,199.24780072033352,0.19924780072033352,-1.915668281746548,0.25529881499166607,0.01984984304594487,0.0007645385345187026,0.27591319657212965,0.25529881499166607,0.01984984304594487,0.0007645385345187026,0.27591319657212965
9852,41.046836223506745,1165.5,838.5,,215.0003169460051,154.678477699893,4293.559,-1.915668281748367,18.490831478289067,26.02434403584771,26.02434403584771,199.24780072032988,0.19924780072032988,-1.915668281748367,0.25529881499166607,0.019849843045944143,0.0007645385345201544,0.27591319657213037,0.25529881499166607,0.019849843045944143,0.0007645385345201544,0.27591319657213037
9853,41.05100256904303,1170.0,839.5,,215.8304339998507,154.86294815630313,4293.102,-1.915668281748367,18.306361021878928,26.01337088066991,26.01337088066991,199.26085569341274,0.19926085569341273,-1.915668281748367,0.25519116833937183,0.019852444305835527,0.0007645385345201544,0.2758081511797275,0.25519116833937183,0.019852444305835527,0.0007645385345201544,0.2758081511797275
9854,41.05516891457932,1174.5,840.5,,216.66055105369628,155.04741861271324,4292.644,-1.915668281748367,18.121890565468817,26.00239772549211,26.00239772549211,210.31665217344934,0.21031665217344933,-1.915668281748367,0.2550835216870776,0.022116547090723835,0.0007645385345201544,0.2779646073123216,0.2550835216870776,0.022116547090723835,0.0007645385345201544,0.2779646073123216
9855,41.0593352601156,1179.5,840.5,,217.5829033357469,155.04741861271324,4292.187,-1.915668281748367,18.121890565468817,26.00239772549211,26.00239772549211,221.39727612741132,0.2213972761274113,-1.915668281748367,0.2550835216870776,0.024508376938318605,0.0007645385345201544,0.2803564371599163,0.2550835216870776,0.024508376938318605,0.0007645385345201544,0.2803564371599163
9856,41.06350160565189,1184.5,842.5,,218.5052556177976,155.41635952553352,4291.73,-1.915668281750186,17.75294965264854,25.980451415136507,25.980451415136507,232.4963807612361,0.2324963807612361,-1.915668281750186,0.2548682283824891,0.02702728353353684,0.0007645385345216064,0.2826600504505476,0.2548682283824891,0.02702728353353684,0.0007645385345216064,0.2826600504505476
9857,41.06766795118818,1190.0,844.0,,219.51984312805328,155.69306521014872,4291.273,-1.915668281750186,17.476243968033344,25.963991682369805,25.963991682369805,243.5518145101588,0.2435518145101588,-1.915668281750186,0.25470675840404783,0.0296587431755954,0.0007645385345216064,0.2851300401141649,0.25470675840404783,0.0296587431755954,0.0007645385345216064,0.2851300401141649
9858,41.07183429672447,1195.5,845.5,,220.53443063830895,155.9697708947639,4290.815,-1.915668281746548,17.19953828341815,25.947531949603103,25.947531949603103,221.44426828282687,0.22144426828282687,-1.915668281746548,0.2545452884256065,0.0245187819776583,0.0007645385345187026,0.27982860893778344,0.2545452884256065,0.0245187819776583,0.0007645385345187026,0.27982860893778344
9859,41.07600064226076,1200.0,848.0,,221.36454769215456,156.43094703578922,4290.358,-1.915668281750186,16.738362142392845,25.920099061658604,25.920099061658604,221.47950585675724,0.22147950585675724,-1.915668281750186,0.25427617179487094,0.024526585757276682,0.0007645385345216064,0.27956729608666925,0.25427617179487094,0.024526585757276682,0.0007645385345216064,0.27956729608666925
9860,41.08016698779704,1205.5,850.5,,222.37913520241025,156.89212317681455,4289.901,-1.915668281750186,16.27718600136751,25.8926661737141,25.8926661737141,254.67398288054403,0.25467398288054405,-1.915668281750186,0.25400705516413535,0.03242941877811982,0.0007645385345216064,0.2872010124767768,0.25400705516413535,0.03242941877811982,0.0007645385345216064,0.2872010124767768
9861,41.08433333333333,1211.5,853.0,,223.48595794087103,157.35329931783986,4289.443,-1.915668281748367,15.816009860342206,25.865233285769598,25.865233285769598,276.8397904672204,0.2768397904672204,-1.915668281748367,0.25373793853339977,0.038320134792967246,0.0007645385345201544,0.29282261186088715,0.25373793853339977,0.038320134792967246,0.0007645385345201544,0.29282261186088715
9862,41.08849967886962,1218.0,856.5,,224.6850159075369,157.99894591527533,4288.986,-1.915668281750186,15.170363262906733,25.826827242647294,25.826827242647294,287.96551579119057,0.28796551579119056,-1.915668281750186,0.25336117525037,0.04146206914244321,0.0007645385345216064,0.29558778292733484,0.25336117525037,0.04146206914244321,0.0007645385345216064,0.29558778292733484
9863,41.09266602440591,1224.5,860.5,,225.8840738742027,158.73682774091583,4288.529,-1.915668281750186,14.432481437266233,25.782934621936093,25.782934621936093,265.84146401372675,0.26584146401372677,-1.915668281750186,0.2529305886411931,0.03533584199448079,0.0007645385345216064,0.28903096917019555,0.2529305886411931,0.03533584199448079,0.0007645385345216064,0.28903096917019555
9864,41.09683236994219,1230.0,864.0,,226.8986613844584,159.38247433835127,4288.071,-1.915668281750186,13.786834839830789,25.74452857881379,25.74452857881379,254.834803827302,0.254834803827302,-1.915668281750186,0.2525538253581633,0.03247038862084975,0.0007645385345216064,0.28578875251353464,0.2525538253581633,0.03247038862084975,0.0007645385345216064,0.28578875251353464
9865,41.10099871547848,1236.0,869.0,,228.0054841229192,160.3048266204019,4287.614,-1.915668281748367,12.86448255778015,25.689662802924786,25.689662802924786,265.9523376075813,0.2659523376075813,-1.915668281748367,0.25201559209669216,0.03536532293946845,0.0007645385345201544,0.2881454535706807,0.25201559209669216,0.03536532293946845,0.0007645385345201544,0.2881454535706807
9866,41.10516506101477,1242.0,873.5,,229.11230686138,161.1349436742475,4287.157,-1.915668281748367,12.034365503934566,25.64028360462468,25.64028360462468,255.1204574188961,0.2551204574188961,-1.915668281748367,0.2515311821613681,0.03254322389681339,0.0007645385345201544,0.28483894459270165,0.2515311821613681,0.03254322389681339,0.0007645385345201544,0.28483894459270165
9867,41.10933140655106,1247.5,881.5,,230.12689437163567,162.61070732552852,4286.7,-1.915668281750186,10.558601852653538,25.552498363202275,25.552498363202275,255.30392309644628,0.2553039230964463,-1.915668281750186,0.25067000894301433,0.03259004657421808,0.0007645385345216064,0.28402459405175406,0.25067000894301433,0.03259004657421808,0.0007645385345216064,0.28402459405175406
9868,41.11349775208735,1253.5,888.0,,231.23371711009645,163.80976529219438,4286.242,-1.915668281750186,9.359543885987677,25.481172854546568,25.481172854546568,288.3446620154404,0.2883446620154404,-1.915668281750186,0.24997030570310186,0.04157132205639928,0.0007645385345216064,0.2923061662940228,0.24997030570310186,0.04157132205639928,0.0007645385345216064,0.2923061662940228
9869,41.11766409762363,1260.5,895.0,,232.5250103049673,165.10105848706527,4285.785,-1.915668281748367,8.068250691116788,25.40436076830196,25.40436076830196,288.6151758036168,0.2886151758036168,-1.915668281748367,0.24921677913704224,0.04164935985207631,0.0007645385345201544,0.2916306775236387,0.24921677913704224,0.04164935985207631,0.0007645385345201544,0.2916306775236387
9870,41.12183044315992,1266.5,904.5,,233.6318330434281,166.8535278229615,4285.328,-1.915668281748367,6.315781355220565,25.300115794112852,25.300115794112852,266.77267014227573,0.26677267014227574,-1.915668281748367,0.2481941359402471,0.03558382876741973,0.0007645385345201544,0.284542503242187,0.2481941359402471,0.03558382876741973,0.0007645385345201544,0.284542503242187
9871,41.125996788696206,1272.5,913.5,,234.7386557818889,168.51376193065266,4284.87,-1.915668281752005,4.655547247529398,25.201357397512645,25.201357397512645,288.47318769454347,0.28847318769454344,-1.915668281752005,0.24722531606959905,0.041608390009325646,0.0007645385345230583,0.28959824461344774,0.24722531606959905,0.041608390009325646,0.0007645385345230583,0.28959824461344774
9872,41.1301631342325,1279.5,919.5,,236.02994897675975,169.62058466911344,4284.413,-1.915668281746548,3.54872450906862,25.135518466445838,25.135518466445838,299.31815244867204,0.29931815244867205,-1.915668281746548,0.2465794361558337,0.04479567819264324,0.0007645385345187026,0.29213965288299565,0.2465794361558337,0.04479567819264324,0.0007645385345187026,0.29213965288299565
9873,41.13432947976879,1286.0,926.0,,237.22900694342565,170.81964263577927,4283.956,-1.915668281748367,2.3496665424027867,25.064192957790134,25.064192957790134,265.86674073970573,0.26586674073970573,-1.915668281748367,0.24587973291592122,0.03534256191577695,0.0007645385345201544,0.28198683336621827,0.24587973291592122,0.03534256191577695,0.0007645385345201544,0.28198683336621827
9874,41.13849582530507,1291.5,927.5,,238.2435944536813,171.09634832039447,4283.498,-1.915668281750186,2.072960857787592,25.047733225023432,25.047733225023432,265.67098719529594,0.2656709871952959,-1.915668281750186,0.2457182629374799,0.035290536718661544,0.0007645385345216064,0.2817733381906631,0.2457182629374799,0.035290536718661544,0.0007645385345216064,0.2817733381906631
9875,41.14266217084136,1298.0,924.0,,239.4426524203472,170.450701722959,4283.041,-1.915668281748367,2.718607455223065,25.086139268145736,25.086139268145736,266.017535782476,0.266017535782476,-1.915668281748367,0.24609502622050966,0.03538266467189045,0.0007645385345201544,0.28224222942692023,0.24609502622050966,0.03538266467189045,0.0007645385345201544,0.28224222942692023
9876,41.146828516377646,1303.5,917.0,,240.4572399306029,169.1594085280881,4282.584,-1.915668281750186,4.009900650093954,25.16295135439034,25.16295135439034,233.23364544607526,0.23323364544607525,-1.915668281750186,0.24684855278656925,0.02719896668403277,0.0007645385345216064,0.27481205800512365,0.24684855278656925,0.02719896668403277,0.0007645385345216064,0.27481205800512365
9877,41.15099486191394,1308.5,909.5,,241.37959221265356,167.7758801050121,4282.127,-1.915668281748367,5.393429073169955,25.24525001822385,25.24525001822385,211.2381333627426,0.21123813336274258,-1.915668281748367,0.247655902678776,0.02231077449328791,0.0007645385345201544,0.27073121570658404,0.247655902678776,0.02231077449328791,0.0007645385345201544,0.27073121570658404
9878,41.15516120745022,1313.0,902.0,,242.20970926649912,166.39235168193616,4281.669,-1.915668281748367,6.776957496245899,25.327548682057355,25.327548682057355,211.23813336273892,0.21123813336273892,-1.915668281748367,0.24846325257098265,0.022310774493287135,0.0007645385345201544,0.2715385655987899,0.24846325257098265,0.022310774493287135,0.0007645385345201544,0.2715385655987899
9879,41.15932755298651,1318.0,894.5,,243.13206154854976,165.00882325886022,4281.212,-1.915668281746548,8.160485919321843,25.40984734589086,25.40984734589086,222.26112157077927,0.22226112157077926,-1.915668281746548,0.24927060246318936,0.02470000308095036,0.0007645385345187026,0.2747351440786584,0.24927060246318936,0.02470000308095036,0.0007645385345187026,0.2747351440786584
9880,41.1634938985228,1323.0,887.0,,244.0544138306004,163.62529483578425,4280.755,-1.915668281748367,9.544014342397816,25.49214600972437,25.49214600972437,221.94489885953197,0.22194489885953197,-1.915668281748367,0.25007795235539604,0.024629769064883938,0.0007645385345201544,0.2754722599548001,0.25007795235539604,0.024629769064883938,0.0007645385345201544,0.2754722599548001
9881,41.167660244059086,1328.0,882.5,,244.97676611265103,162.79517778193866,4280.297,-1.915668281750186,10.3741313962434,25.54152520802447,25.54152520802447,221.8550250621141,0.2218550250621141,-1.915668281750186,0.2505623622907201,0.02460982607265564,0.0007645385345216064,0.2759367268978974,0.2505623622907201,0.02460982607265564,0.0007645385345216064,0.2759367268978974
9882,41.171826589595376,1333.0,876.0,,245.89911839470167,161.59611981527283,4279.84,-1.915668281748367,11.573189362909233,25.612850716680178,25.612850716680178,221.8130063432089,0.2218130063432089,-1.915668281748367,0.2512620655306325,0.02460050489150622,0.0007645385345201544,0.2766271089566589,0.2512620655306325,0.02460050489150622,0.0007645385345201544,0.2766271089566589
9883,41.17599293513166,1338.0,872.0,,246.82147067675237,160.8582379896323,4279.383,-1.915668281746548,12.31107118854976,25.656743337391383,25.656743337391383,199.52177576876267,0.19952177576876268,-1.915668281746548,0.25169265213980946,0.019904469502960206,0.0007645385345187026,0.27236166017728836,0.25169265213980946,0.019904469502960206,0.0007645385345187026,0.27236166017728836
9884,41.18015928066795,1342.0,868.0,,247.55935250239284,160.1203561639918,4278.926,-1.915668281750186,13.04895301419026,25.700635958102584,25.700635958102584,192.50475028770845,0.19250475028770844,-1.915668281750186,0.25212323874898634,0.018529039441666492,0.0007645385345216064,0.2714168167251745,0.25212323874898634,0.018529039441666492,0.0007645385345216064,0.2714168167251745
9885,41.18432562620424,1346.6862670898438,865.2264282226563,4278.468,248.42383033131608,159.60871411233896,4278.468,15.46708493862934,13.560595065843103,25.731070791612147,25.731070791612147,182.78600518561524,0.18278600518561525,15.46708493862934,0.25242180446571516,0.016705361845857882,0.04983973260391138,0.3189668989154844,0.25242180446571516,0.016705361845857882,0.04983973260391138,0.3189668989154844
9886,41.188491971740525,1350.25,862.45,4286.31,249.0812337677764,159.0965451309156,4286.31,21.370990160952715,14.072764047266475,25.761536969339378,25.761536969339378,172.89990064847288,0.17289990064847288,21.370990160952715,0.2527206776692193,0.014947187822125896,0.09514983759573706,0.3628177030870823,0.2527206776692193,0.014947187822125896,0.09514983759573706,0.3628177030870823
9887,41.19265831727681,1354.4888916015625,859.5067138671875,4288.671,249.8631840361897,158.55359579465005,4288.671,8.826870193479408,14.615713383532011,25.793834104807402,25.793834104807402,181.74233485910182,0.18174233485910182,8.826870193479408,0.25303751256816065,0.01651513814001895,0.01623200779427817,0.28578465850245777,0.25303751256816065,0.01651513814001895,0.01623200779427817,0.28578465850245777
9888,41.1968246628131,1358.4536010742186,857.2371093749999,4290.524,250.59455580214413,158.13492081810574,4290.524,7.528834652790465,15.03438836007632,25.81873882709241,25.81873882709241,178.2349878163502,0.17823498781635022,7.528834652790465,0.25328182789377657,0.015883855440947257,0.011809031506053861,0.2809747148407777,0.25328182789377657,0.015883855440947257,0.011809031506053861,0.2809747148407777
9889,41.20099100834939,1362.5339477539062,854.2939819335936,4292.266,251.34725921645767,157.59200075571633,4292.266,1.020127909607254,15.577308422465734,25.851034221215006,25.851034221215006,174.4511684459215,0.17445116844592148,1.020127909607254,0.25359864571011925,0.015216605086073635,0.00021680436499159705,0.2690320551611845,0.25359864571011925,0.015216605086073635,0.00021680436499159705,0.2690320551611845
9890,41.20515735388568,1366.3276000976562,852.0205139160156,4291.011,252.04707599577057,157.1726130728799,4291.011,0.6841282632012735,15.996696105302163,25.875981338563655,25.875981338563655,161.77917153669154,0.16177917153669152,0.6841282632012735,0.2538433769313095,0.01308625017154913,9.750655843974814e-05,0.2670271336612984,0.2538433769313095,0.01308625017154913,9.750655843974814e-05,0.2670271336612984
9891,41.209323699421965,1369.8383666992186,850.6096862792969,4292.592,252.69470871311023,156.91235705481836,4292.592,5.076717191455828,16.256952123363703,25.8914625691505,25.8914625691505,153.96504524045085,0.15396504524045085,5.076717191455828,0.2539952478033664,0.011852617577947039,0.005369386967088156,0.2712172523484016,0.2539952478033664,0.011852617577947039,0.005369386967088156,0.2712172523484016
9892,41.21349004495825,1373.280029296875,849.010040283203,4293.435,253.3295937833096,156.6172696278243,4293.435,9.797970855148378,16.55203955035776,25.909015732895185,25.909015732895185,142.0545549793174,0.1420545549793174,9.797970855148378,0.2541674443397018,0.010089748295185956,0.020000048516320222,0.28425724115120793,0.2541674443397018,0.010089748295185956,0.020000048516320222,0.28425724115120793
9893,41.21765639049454,1376.2530395507813,847.8798156738281,4297.27,253.8780263417597,156.40877657828696,4297.27,10.718558110458616,16.7605325998951,25.921417862919625,25.921417862919625,145.0970988607708,0.14509709886077082,10.718558110458616,0.25428910923524156,0.01052658404890615,0.023934893326516292,0.288750586610664,0.25428910923524156,0.01052658404890615,0.023934893326516292,0.288750586610664
9894,41.22182273603082,1379.8333496093749,847.2440307617187,4298.552,254.5384877723582,156.29149304537145,4298.552,2.796535591187421e-05,16.877816132810608,25.928394429419907,25.928394429419907,132.4023113956114,0.1324023113956114,2.796535591187421e-05,0.2543575493526093,0.008765186031450224,1.6292940234954123e-13,0.26312273538422243,0.2543575493526093,0.008765186031450224,1.6292940234954123e-13,0.26312273538422243
9895,41.22598908156712,1382.232666015625,845.9505310058593,4297.27,254.98109076489143,156.05288055504167,4297.27,9.856418429902988,17.116428623140393,25.9425882029634,25.9425882029634,113.57658264940262,0.11357658264940262,9.856418429902988,0.25449679027107097,0.006449820063158293,0.02023937172194402,0.2811859820561733,0.25449679027107097,0.006449820063158293,0.02023937172194402,0.2811859820561733
9896,41.230155427103405,1384.9621826171874,845.1446777343749,4303.258,255.4846059381607,155.90422443425135,4303.258,8.995641061215792,17.265084743930714,25.951430955961936,25.951430955961936,114.29595235447577,0.11429595235447577,8.995641061215792,0.2545835376779866,0.006531782362308298,0.016858657937964917,0.2779739779782598,0.2545835376779866,0.006531782362308298,0.016858657937964917,0.2779739779782598
9897,41.23432177263969,1387.3950073242186,844.7350036621093,4301.565,255.9333902222326,155.8286516711611,4301.565,-3.546021950793147,17.34065750702095,25.95592637312923,25.95592637312923,119.28674396377336,0.11928674396377337,-3.546021950793147,0.25462763772039776,0.0071146636427394105,0.002619639932397258,0.2643619412955344,0.25462763772039776,0.0071146636427394105,0.002619639932397258,0.2643619412955344
9898,41.23848811817598,1390.35,843.949981689453,4301.565,256.47849906982253,155.68383830957325,4301.565,-1.0257010037294094,17.485470868608814,25.964540541053168,25.964540541053168,117.00893363956912,0.11700893363956912,-1.0257010037294094,0.2547121427077316,0.006845545275734544,0.00021917969771906626,0.26177686768118524,0.2547121427077316,0.006845545275734544,0.00021917969771906626,0.26177686768118524
9899,41.24265446371226,1392.6797363281248,843.3241149902343,4301.075,256.90826659358703,155.56838439391646,4301.075,0.5381291778157902,17.6009247842656,25.971408273464316,25.971408273464316,94.86861562914652,0.09486861562914652,0.5381291778157902,0.25477951516268493,0.004500027115695371,6.03297941701455e-05,0.25933987207255044,0.25477951516268493,0.004500027115695371,6.03297941701455e-05,0.25933987207255044
9900,41.24682080924856,1394.6342041015623,842.3223754882812,4301.822,257.268808155792,155.3835930507871,4301.822,2.13685611708388,17.78571612739495,25.982400516466978,25.982400516466978,127.34428723564585,0.12734428723564586,2.13685611708388,0.25488734906654104,0.008108283745777338,0.0009512820968997493,0.2639469149092181,0.25488734906654104,0.008108283745777338,0.0009512820968997493,0.2639469149092181
9901,41.25098715478484,1398.431591796875,842.1882690429687,4302.096,257.96931399711247,155.3588543736128,4302.096,2.2523130487534218,17.810454804569275,25.983872087301737,25.983872087301737,104.60160155143119,0.10460160155143118,2.2523130487534218,0.25490178517643003,0.005470747523562185,0.0010568570978301947,0.26142938979782243,0.25490178517643003,0.005470747523562185,0.0010568570978301947,0.26142938979782243
9902,41.25515350032113,1399.358935546875,841.56650390625,4302.897,258.14038152192404,155.24415707506236,4302.897,2.524379917393162,17.9251521031197,25.990694812631098,25.990694812631098,48.20520039172691,0.04820520039172691,2.524379917393162,0.2549687161119111,0.0011618706724032743,0.0013276029098620644,0.2574581896941764,0.2549687161119111,0.0011618706724032743,0.0013276029098620644,0.2574581896941764
9903,41.25931984585742,1400.6086914062498,841.5123413085937,4303.301,258.37092455570416,155.23416567595237,4303.301,2.226041602989426,17.935143502229693,25.991289147220012,25.991289147220012,67.98956738770164,0.06798956738770164,2.226041602989426,0.2549745465342283,0.002311290636783411,0.001032346087133278,0.258318183258145,0.2549745465342283,0.002311290636783411,0.001032346087133278,0.258318183258145
9904,41.2634861913937,1402.4299926757812,841.1694824218749,4303.96,258.70690083215493,155.17091834063507,4303.96,3.7028196550818393,17.998390837546992,25.995051390988067,25.995051390988067,75.22990077273711,0.07522990077273711,3.7028196550818393,0.25501145414559295,0.002829768985137936,0.002856431957929249,0.2606976550886601,0.25501145414559295,0.002829768985137936,0.002856431957929249,0.2606976550886601
9905,41.26765253693,1404.0064208984377,840.5616333007812,4305.069,258.99770526588617,155.05878813583843,4305.069,3.434943593409116,18.110521042343635,26.001721413718517,26.001721413718517,68.87611099166283,0.06887611099166283,3.434943593409116,0.2550768870685787,0.0023719593326679282,0.0024580911437296527,0.25990693754497624,0.2550768870685787,0.0023719593326679282,0.0024580911437296527,0.25990693754497624
9906,41.27181888246628,1405.5409912109374,840.5833862304687,4305.6,259.28078815182647,155.06280090870612,4305.6,2.3383384504759306,18.10650826947594,26.001482715445484,26.001482715445484,42.31585227487563,0.04231585227487563,2.3383384504759306,0.2550745454385202,0.0008953156768745485,0.0011391305643696202,0.25710899167976436,0.2550745454385202,0.0008953156768745485,0.0011391305643696202,0.25710899167976436
9907,41.27598522800257,1405.9178222656249,840.7759399414061,4306.185,259.35030234847414,155.09832137964622,4306.185,2.2526785957888933,18.07098779853584,25.99936979369531,25.99936979369531,40.66476260121663,0.04066476260121663,2.2526785957888933,0.255053817676151,0.0008268114587066534,0.0010572001783177962,0.25693782931317544,0.255053817676151,0.0008268114587066534,0.0010572001783177962,0.25693782931317544
9908,41.28015157353885,1407.37783203125,840.7341735839843,4306.675,259.61963101630226,155.09061672063004,4306.675,1.1104799499898943,18.078692457552023,25.999828102416508,25.999828102416508,60.50987493034306,0.06050987493034306,1.1104799499898943,0.25505831368470594,0.0018307224820428797,0.0002569095248603247,0.25714594569160915,0.25505831368470594,0.0018307224820428797,0.0002569095248603247,0.25714594569160915
9909,41.28431791907514,1408.6509277343748,840.2511840820313,4306.715,259.85447956171146,155.00151942676345,4306.715,0.1759120188125962,18.16778975141861,26.005128021170687,26.005128021170687,42.657631928792654,0.042657631928792655,0.1759120188125962,0.25511030588768446,0.0009098367808861753,6.446882992234001e-06,0.2560265895515629,0.25511030588768446,0.0009098367808861753,6.446882992234001e-06,0.2560265895515629
9910,41.28848426461144,1409.3046997070312,840.6077026367186,4306.759,259.9750811758956,155.0672865672653,4306.759,1.5086165993980103,18.102022610916748,26.001215887746337,26.001215887746337,29.867776332780355,0.029867776332780354,1.5086165993980103,0.25507192785879157,0.0004460420315324971,0.0004741508424956702,0.25599212073281974,0.25507192785879157,0.0004460420315324971,0.0004741508424956702,0.25599212073281974
9911,41.29265061014772,1410.0,840.5,,260.1033435382816,155.04741861271324,4307.435,2.8315512863282493,18.121890565468817,26.00239772549211,26.00239772549211,73.41691268626086,0.07341691268626085,2.8315512863282493,0.2550835216870776,0.002695021534191025,0.0016703505598139926,0.25944889378108266,0.2550835216870776,0.002695021534191025,0.0016703505598139926,0.25944889378108266
9912,41.29681695568401,1412.62099609375,840.4745483398436,4308.111,260.58683988394483,155.0427235333478,4308.111,1.4157836332597071,18.12658564483425,26.00267701050854,26.00267701050854,67.08445683509098,0.06708445683509097,1.4157836332597071,0.25508626147308877,0.002250162174429592,0.0004175923533762619,0.2577540160008946,0.25508626147308877,0.002250162174429592,0.0004175923533762619,0.2577540160008946
9913,41.30098330122029,1413.0302490234374,840.3436096191406,4308.111,260.66233495867147,155.01856920777797,4308.111,-0.7047327312066045,18.15073997040409,26.004113821409593,26.004113821409593,27.26160108474828,0.027261601084748278,-0.7047327312066045,0.2551003565880281,0.00037159744685197425,0.0001034683796737334,0.25557542241455383,0.2551003565880281,0.00037159744685197425,0.0001034683796737334,0.25557542241455383
9914,41.30514964675658,1413.852160644531,840.04453125,4307.775,260.8139533705434,154.9633980845202,4307.775,0.6881193177068781,18.205911093661854,26.007395654764498,26.007395654764498,33.83609803446793,0.03383609803446793,0.6881193177068781,0.25513255137323976,0.0005724407650990622,9.864754070862073e-05,0.2558036396790474,0.25513255137323976,0.0005724407650990622,9.864754070862073e-05,0.2558036396790474
9915,41.30931599229287,1414.5585571289062,840.0528076171875,4308.44,260.9442626524226,154.9649248297527,4308.44,1.7951651896910334,18.204384348429357,26.007304836903042,26.007304836903042,25.418130208542916,0.025418130208542916,1.7951651896910334,0.25513166045001884,0.00032304067164922096,0.0006713787621413427,0.2561260798838094,0.25513166045001884,0.00032304067164922096,0.0006713787621413427,0.2561260798838094
9916,41.31348233782916,1415.0,840.5,,261.02569582033226,155.04741861271324,4308.632,0.8046103013602988,18.121890565468817,26.00239772549211,26.00239772549211,9.790460602258412,0.009790460602258412,0.8046103013602988,0.2550835216870776,4.792655940218708e-05,0.0001348745285531481,0.2552663227750329,0.2550835216870776,4.792655940218708e-05,0.0001348745285531481,0.2552663227750329
9917,41.31764868336545,1415.0,840.5,,261.02569582033226,155.04741861271324,4308.824,0.8046103013621178,18.121890565468817,26.00239772549211,26.00239772549211,0.0,0.0,0.8046103013621178,0.2550835216870776,0.0,0.00013487452855375794,0.25521839621563136,0.2550835216870776,0.0,0.00013487452855375794,0.25521839621563136
9918,41.32181502890173,1415.0,840.5,,261.02569582033226,155.04741861271324,4309.016,0.8046103013602988,18.121890565468817,26.00239772549211,26.00239772549211,0.0,0.0,0.8046103013602988,0.2550835216870776,0.0,0.0001348745285531481,0.25521839621563075,0.2550835216870776,0.0,0.0001348745285531481,0.25521839621563075
9919,41.32598137443802,1415.0,840.5,,261.02569582033226,155.04741861271324,4309.208,0.8046103013602988,18.121890565468817,26.00239772549211,26.00239772549211,11.088646728434105,0.011088646728434105,0.8046103013602988,0.2550835216870776,6.14790431340062e-05,0.0001348745285531481,0.2552798752587648,0.2550835216870776,6.14790431340062e-05,0.0001348745285531481,0.2552798752587648
9920,41.33014771997431,1415.5,840.0,,261.1179310485373,154.9551833845082,4309.4,0.8046103013621178,18.214125793673873,26.00788430308101,26.00788430308101,19.275741579649,0.019275741579649,0.8046103013621178,0.2551373450132247,0.00018577710672270468,0.00013487452855375794,0.25545799664850116,0.2551373450132247,0.00018577710672270468,0.00013487452855375794,0.25545799664850116
9921,41.3343140655106,1415.868603515625,839.4843627929687,4309.592,261.185927507299,154.86006355358506,4309.592,0.6177202193339326,18.309245624596997,26.013542470169213,26.013542470169213,10.34882843660674,0.01034882843660674,0.6177202193339326,0.25519285163236,5.3549125005160145e-05,7.949547278624207e-05,0.2553258962301514,0.25519285163236,5.3549125005160145e-05,7.949547278624207e-05,0.2553258962301514
9922,41.33848041104688,1415.9663818359377,839.4651916503906,4309.695,261.2039647186741,154.85652704416378,4309.695,0.2154390389514446,18.312782134018278,26.01375283809166,26.01375283809166,8.160229951233688,0.008160229951233689,0.2154390389514446,0.2551949153416792,3.329467642850569e-05,9.66957906340043e-06,0.2552378795971711,0.2551949153416792,3.329467642850569e-05,9.66957906340043e-06,0.2552378795971711
9923,41.34264675658317,1415.5,839.5,,261.1179310485373,154.86294815630313,4309.695,4.7940593503881246e-05,18.306361021878928,26.01337088066991,26.01337088066991,4.720304498594595,0.004720304498594595,4.7940593503881246e-05,0.25519116833937183,1.1140637279726186e-05,4.788126053134128e-13,0.2552023089771304,0.25519116833937183,1.1140637279726186e-05,4.788126053134128e-13,0.2552023089771304
9924,41.346813102119455,1416.179602050781,839.4627929687499,4309.695,261.24329754902215,154.85608455826676,4309.695,4.394554525788408e-05,18.313224619915303,26.013779159197522,26.013779159197522,14.758307002451865,0.014758307002451865,4.394554525788408e-05,0.2551951735517277,0.00010890381278930988,4.023356141693204e-13,0.2553040773649194,0.2551951735517277,0.00010890381278930988,4.023356141693204e-13,0.2553040773649194
9925,41.35097944765575,1416.1663818359375,839.8152099609375,4309.695,261.24085880995614,154.9210950816623,4309.695,1.997525032493286e-06,18.248214096519774,26.009912032854956,26.009912032854956,26.123800620857494,0.026123800620857493,1.997525032493286e-06,0.25515723704230714,0.0003412264794391572,8.312721365494382e-16,0.25549846352174715,0.25515723704230714,0.0003412264794391572,8.312721365494382e-16,0.25549846352174715
9926,41.35514579319204,1415.0,840.0,,261.02569582033226,154.9551833845082,4309.695,-3.595544694690034e-05,18.214125793673873,26.00788430308101,26.00788430308101,12.239948089135579,0.01223994808913558,-3.595544694690034e-05,0.2551373450132247,7.490816461236686e-05,2.693321177398677e-13,0.2552122531781064,0.2551373450132247,7.490816461236686e-05,2.693321177398677e-13,0.2552122531781064
9927,41.35931213872832,1415.6135742187498,839.9747863769531,4309.695,261.13888213650654,154.950532215957,4309.695,2.291019086207598,18.218776962225064,26.008160976079296,26.008160976079296,0.8293111905385435,0.0008293111905385435,2.291019086207598,0.2551400591753379,3.438785253762282e-07,0.0010934934277848952,0.2562338964816482,0.2551400591753379,3.438785253762282e-07,0.0010934934277848952,0.2562338964816482
9928,41.36347848426461,1414.962548828125,839.985791015625,4310.789,261.0187871855634,154.9525622466754,4310.789,1.7646852921498066,18.216746931506663,26.008040220471475,26.008040220471475,26.426071215749225,0.026426071215749226,1.7646852921498066,0.2551388745628252,0.0003491686199499249,0.0006487737875687185,0.25613681697034385,0.2551388745628252,0.0003491686199499249,0.0006487737875687185,0.25613681697034385
9929,41.367644829800895,1414.4202514648437,840.4716003417968,4310.538,260.91874934344884,155.0421797148026,4310.538,-4.39621243817237,18.127129463379475,26.00270935934857,26.00270935934857,19.82837713240896,0.01982837713240896,-4.39621243817237,0.25508657881520946,0.0001965822698525193,0.0040263924586544705,0.2593095535437165,0.25508657881520946,0.0001965822698525193,0.0040263924586544705,0.2593095535437165
9930,41.37181117533719,1414.06728515625,840.4365173339843,4308.69,260.8536374874052,155.0357079363392,4308.69,-4.547922446881785,18.133601241842854,26.0030943306374,26.0030943306374,31.50961027591444,0.03150961027591444,-4.547922446881785,0.2550903553835529,0.0004964277698700063,0.004309083038094001,0.25989586619151694,0.2550903553835529,0.0004964277698700063,0.004309083038094001,0.25989586619151694
9931,41.37597752087347,1412.997229003906,840.957958984375,4308.366,260.65624374059786,155.13189851557803,4308.366,-0.9600663348537636,18.03741066260403,25.997372470491495,25.997372470491495,50.91160581736793,0.05091160581736793,-0.9600663348537636,0.25503422393552155,0.0012959958034515259,0.0001920265348582373,0.2565222462738313,0.25503422393552155,0.0012959958034515259,0.0001920265348582373,0.2565222462738313
9932,41.38014386640976,1411.76767578125,840.0546752929688,4308.232,260.429427496434,154.9652693607565,4308.232,-0.9658251987639233,18.204039817425553,26.00728434260687,26.00728434260687,35.87675041333657,0.03587675041333657,-0.9658251987639233,0.25513145940097337,0.000643570610110423,0.0001943371488682025,0.255969367159952,0.25513145940097337,0.000643570610110423,0.0001943371488682025,0.255969367159952
9933,41.38431021194605,1411.3773681640623,840.144140625,4307.905,260.357427272151,154.98177307138917,4307.905,-2.357344898657175,18.18753610679289,26.00630262563546,26.00630262563546,31.87976150777997,0.03187976150777997,-2.357344898657175,0.25512182875748385,0.0005081595968964648,0.001157723952338543,0.2567877123067189,0.25512182875748385,0.0005081595968964648,0.001157723952338543,0.2567877123067189
9934,41.388476557482335,1410.3281127929686,840.67548828125,4307.106,260.1638706549545,155.07979101605005,4307.106,-2.492753107721001,18.08951816213201,26.000472065350067,26.000472065350067,44.618619565560024,0.04461861956556003,-2.492753107721001,0.25506463096108417,0.000995410605968088,0.0012945454283443145,0.2573545869953966,0.25506463096108417,0.000995410605968088,0.0012945454283443145,0.2573545869953966
9935,41.39264290301863,1409.3627197265623,841.1066772460937,4306.715,259.9857841553794,155.1593326411938,4306.715,-0.211250229507641,18.009976536988262,25.99574056192788,25.99574056192788,67.84185603315615,0.06784185603315615,-0.211250229507641,0.25501821491251253,0.002301258715011743,9.297220722298126e-06,0.25732877084824657,0.25501821491251253,0.002301258715011743,9.297220722298126e-06,0.25732877084824657
9936,41.39680924855491,1407.264318847656,841.7620971679687,4307.005,259.5986911875161,155.28023825332238,4307.005,-1.5738138103370147,17.88907092485968,25.988548537418524,25.988548537418524,93.14374545039988,0.09314374545039987,-1.5738138103370147,0.25494766115207573,0.004337878658264443,0.0005160187311682319,0.25980155854150844,0.25494766115207573,0.004337878658264443,0.0005160187311682319,0.25980155854150844
9937,41.4009755940912,1405.155908203125,842.2734863281249,4305.964,259.2097517136195,155.3745744450996,4305.964,-4.523123176873924,17.794734733082464,25.982936984807885,25.982936984807885,83.0644887796493,0.0830644887796493,-4.523123176873924,0.2548926118209654,0.003449854648112242,0.00426221734857793,0.2626046838176556,0.2548926118209654,0.003449854648112242,0.00426221734857793,0.2626046838176556
9938,41.40514193962749,1403.512377929687,842.3342041015625,4304.846,258.9065689339546,155.38577508047783,4304.846,-3.5029093736902723,17.783534097704234,25.982270719257905,25.982270719257905,62.86278336647313,0.06286278336647314,-3.5029093736902723,0.25488607575592004,0.0019758647662900656,0.0025563279333931624,0.2594182684556033,0.25488607575592004,0.0019758647662900656,0.0025563279333931624,0.2594182684556033
9939,41.409308285163775,1402.3163452148438,842.1969482421874,4304.291,258.68593623316593,155.36045542945394,4304.291,-2.587743400601539,17.808853748728126,25.98377684910189,25.98377684910189,67.87845878882207,0.06787845878882207,-2.587743400601539,0.25490085088968956,0.0023037425837729077,0.0013950866473660041,0.25859968012082846,0.25490085088968956,0.0023037425837729077,0.0013950866473660041,0.25859968012082846
9940,41.41347463070007,1400.4463623046877,842.777587890625,4303.61,258.3409796322503,155.46756629041104,4303.61,-3.6414596892209374,17.70174288777102,25.9774054001372,25.9774054001372,76.9755464704192,0.07697554647041921,-3.6414596892209374,0.25483834697534596,0.0029626173772098335,0.0027625476392127185,0.2605635119917685,0.25483834697534596,0.0029626173772098335,0.0027625476392127185,0.2605635119917685
9941,41.41764097623635,1398.839794921875,843.1903198242187,4302.553,258.04461541388923,155.5437031385761,4302.553,-3.222271126265696,17.62560603960597,25.972876428583042,25.972876428583042,80.49259173965801,0.080492591739658,-3.222271126265696,0.2547939177643997,0.00323952866248363,0.0021631315023261663,0.26019657792920947,0.2547939177643997,0.00323952866248363,0.0021631315023261663,0.26019657792920947
9942,41.42180732177264,1396.8105346679686,843.2142700195311,4302.072,257.67027684867617,155.5481212420365,4302.072,-4.004453885363546,17.62118793614556,25.97261361937334,25.97261361937334,112.50132640199345,0.11250132640199345,-4.004453885363546,0.2547913396060525,0.006328274221103935,0.0033407606083340007,0.2644603744354904,0.2547913396060525,0.006328274221103935,0.0033407606083340007,0.2644603744354904
9943,41.42597366730893,1393.7580322265624,842.9498291015624,4300.641,257.10718033011693,155.49933970520527,4300.641,6.882773219089359,17.66996947297679,25.975515370601574,25.975515370601574,122.12654513469596,0.12212654513469597,6.882773219089359,0.2548198057856015,0.0074574465132684654,0.009869284830294523,0.2721465371291645,0.2548198057856015,0.0074574465132684654,0.009869284830294523,0.2721465371291645
9944,41.430140012845214,1391.2942260742186,844.1037536621093,4305.358,256.65268088468804,155.71220469555223,4305.358,1.935513610400449,17.45710448262983,25.962853177335216,25.962853177335216,101.39743222081111,0.10139743222081112,1.935513610400449,0.2546955896696585,0.005140719630486992,0.0007804610283427877,0.2606167703284883,0.2546955896696585,0.005140719630486992,0.0007804610283427877,0.2606167703284883
9945,41.4343063583815,1389.1800292968749,845.3400329589844,4301.565,256.2626740402306,155.94026170169715,4301.565,-10.497765705145866,17.229047476484908,25.949287292767504,25.949287292767504,102.81380929122066,0.10281380929122066,-10.497765705145866,0.25456250834204924,0.005285339690485747,0.022958976000028483,0.28280682403256346,0.25456250834204924,0.005285339690485747,0.022958976000028483,0.28280682403256346
9946,41.43847270391779,1386.6513549804686,845.9637756347656,4300.346,255.79620833497057,156.055323797781,4300.346,0.8391921160073252,17.11398538040106,25.94244286759514,25.94244286759514,161.26305499195846,0.16126305499195845,0.8391921160073252,0.2544953645311083,0.013002886452669707,0.0001467173765768442,0.2676449683603549,0.2544953645311083,0.013002886452669707,0.0001467173765768442,0.2676449683603549
9947,41.44263904945408,1381.896643066406,847.3754821777343,4301.966,254.9191044580848,156.3157419480796,4301.966,-10.726875803638904,16.85356723010247,25.926951992633626,25.926951992633626,146.03323647451484,0.14603323647451483,-10.726875803638904,0.2543433990477359,0.010662853077610784,0.02397205510556121,0.2889783072309079,0.2543433990477359,0.010662853077610784,0.02397205510556121,0.2889783072309079
9948,41.44680539499036,1380.05732421875,848.9658447265624,4295.225,254.5798044707739,156.6091168533195,4295.225,-5.907036302480265,16.560192324862555,25.90950069759637,25.90950069759637,106.06849816470388,0.10606849816470389,-5.907036302480265,0.25417220184342043,0.005625263151457896,0.0072693912247541095,0.26706685621963244,0.25417220184342043,0.005625263151457896,0.0072693912247541095,0.26706685621963244
9949,41.450971740526654,1377.1072753906249,849.6067260742186,4299.146,254.0356076170175,156.7273405280264,4299.146,5.016499809742527,16.441968650155673,25.902468207117984,25.902468207117984,151.97365824351147,0.15197365824351147,5.016499809742527,0.25410321311182743,0.011547996399957811,0.005242764654405586,0.2708939741661908,0.25410321311182743,0.011547996399957811,0.005242764654405586,0.2708939741661908
9950,41.45513808606294,1373.1938110351562,851.1849304199218,4297.62,253.3136890612194,157.01847260398668,4297.62,-5.864241331784797,16.15083657419538,25.885150325930304,25.885150325930304,164.92744854400428,0.1649274485440043,-5.864241331784797,0.2539333246973763,0.013600531641617591,0.0071644429994610695,0.2746982993384549,0.2539333246973763,0.013600531641617591,0.0071644429994610695,0.2746982993384549
9951,41.45930443159923,1369.6593872070312,852.5289489746093,4296.346,252.6616922844984,157.26640432019357,4296.346,-5.576713621430827,15.902904857988489,25.870402201767874,25.870402201767874,203.12040943773414,0.20312040943773413,-5.576713621430827,0.25378864559934283,0.020628950365076375,0.0064791114198858605,0.2808967073843051,0.25378864559934283,0.020628950365076375,0.0064791114198858605,0.2808967073843051
9952,41.46347077713551,1364.02021484375,854.0011840820312,4294.957,251.6214315848685,157.53798820240272,4294.957,-6.506497480779217,15.631320975779346,25.854247137475927,25.854247137475927,216.54229033092204,0.21654229033092204,-6.506497480779217,0.25363016441863884,0.023445281750880665,0.008819689472372147,0.2858951356418917,0.25363016441863884,0.023445281750880665,0.008819689472372147,0.2858951356418917
9953,41.4676371226718,1359.8796264648436,855.5427124023438,4293.239,250.8576153568052,157.8223546352199,4293.239,-7.817149387899917,15.346954542962152,25.83733170800616,25.83733170800616,181.64061517590915,0.18164061517590915,-7.817149387899917,0.2534642240555405,0.01649665654074136,0.01273079678182168,0.2826916773781035,0.2534642240555405,0.01649665654074136,0.01273079678182168,0.2826916773781035
9954,41.471803468208094,1355.819494628906,858.3847290039062,4291.225,250.10864098394447,158.34662273483528,4291.225,-8.203674425829377,14.822686443346782,25.80614581881933,25.80614581881933,174.36947794826827,0.17436947794826826,-8.203674425829377,0.2531582904826177,0.015202357419975806,0.014020890434376451,0.28238153833696994,0.2531582904826177,0.015202357419975806,0.014020890434376451,0.28238153833696994
9955,41.47596981374438,1352.0102172851562,861.1286499023438,4289.323,249.40594185375016,158.85279507532337,4289.323,-9.3353800740133,14.31651410285869,25.776036349005164,25.776036349005164,182.92169305878906,0.18292169305878905,-9.3353800740133,0.25286291658374066,0.01673017289574692,0.01815610856797595,0.2877491980474635,0.25286291658374066,0.01673017289574692,0.01815610856797595,0.2877491980474635
9956,41.48013615928067,1347.5640869140625,864.2321044921875,4286.768,248.5857621549356,159.42529075995995,4286.768,-9.591111185090996,13.744018418222112,25.74198166020355,25.74198166020355,205.81020183244587,0.20581020183244586,-9.591111185090996,0.2525288400865968,0.02117891958915605,0.019164461200995343,0.29287222087674825,0.2525288400865968,0.02117891958915605,0.019164461200995343,0.29287222087674825
9957,41.48430250481695,1342.721826171875,867.7052917480469,4284.744,247.6925081057674,160.06599119824617,4284.744,-8.660931815837102,13.103317979935895,25.703869837483445,25.703869837483445,207.47054344722758,0.2074705434472276,-8.660931815837102,0.2521549631057126,0.021522013199143975,0.015627445816370704,0.2893044221212273,0.2521549631057126,0.021522013199143975,0.015627445816370704,0.2893044221212273
9958,41.48846885035324,1338.20244140625,871.5008056640625,4282.633,246.8588151353596,160.76615138264455,4282.633,-22.513877952846087,12.40315779553751,25.662221074303503,25.662221074303503,189.40855301477586,0.18940855301477585,-22.513877952846087,0.25174638873891736,0.017937799977575577,0.10559889593242693,0.37528308464891985,0.25174638873891736,0.017937799977575577,0.10559889593242693,0.37528308464891985
9959,41.49263519588953,1334.17744140625,875.1161560058592,4273.995,246.1163215483088,161.43307671027833,4273.995,-26.249864509192776,11.736232467903733,25.62254927398085,25.62254927398085,180.00106955707454,0.18000106955707454,-26.249864509192776,0.25135720837775216,0.016200192520845393,0.14355320557312057,0.4111106064717181,0.25135720837775216,0.016200192520845393,0.14355320557312057,0.4111106064717181
9960,41.49680154142582,1330.0903564453124,880.7708129882811,4270.101,245.3623751201777,162.47619386466843,4270.101,-17.261250740073592,10.69311531351363,25.5604998454355,25.5604998454355,202.63775456951961,0.2026377545695196,-17.261250740073592,0.25074850348372224,0.02053102978848843,0.062073078564935665,0.3333526118371463,0.25074850348372224,0.02053102978848843,0.062073078564935665,0.3333526118371463
9961,41.5009678869621,1325.0411376953125,884.4956176757812,4265.754,244.43094343285065,163.16331028541015,4265.754,-16.956492381061253,10.005998892771913,25.519626985592563,25.519626985592563,226.06200384729942,0.2260620038472994,-16.956492381061253,0.25034754072866305,0.025552014791728205,0.05990054872270591,0.33580010424309714,0.25034754072866305,0.025552014791728205,0.05990054872270591,0.33580010424309714
9962,41.50513423249839,1319.8938354492186,890.0398925781249,4262.005,243.4814182382328,164.1860652071087,4262.005,-13.625252283562077,8.983243971073364,25.45878879674076,25.45878879674076,207.34195963872892,0.20734195963872892,-13.625252283562077,0.24975071809602686,0.021495344113414146,0.03867656245639867,0.3099226246658397,0.24975071809602686,0.021495344113414146,0.03867656245639867,0.3099226246658397
9963,41.50930057803468,1315.7166870117187,899.2773498535155,4259.249,242.71085775947432,165.89010316676908,4259.249,-14.872666551556904,7.279206011412981,25.35742474460959,25.35742474460959,196.19325858232756,0.19619325858232756,-14.872666551556904,0.2487563367446201,0.019245897356576024,0.046082543823708244,0.31408477792490436,0.2487563367446201,0.019245897356576024,0.046082543823708244,0.31408477792490436
9964,41.51346692357097,1311.0857666015625,906.4844421386716,4254.905,241.85658975781385,167.21959877000177,4254.905,-28.49974057769396,5.9497104081802945,25.27834020258384,25.27834020258384,217.76894892952637,0.21776894892952636,-28.49974057769396,0.2479805173873475,0.02371165755893533,0.16921566937413662,0.44090784432041946,0.2479805173873475,0.02371165755893533,0.16921566937413662,0.44090784432041946
9965,41.51763326910726,1305.9232421875,914.7884887695312,4245.642,240.90425652292328,168.7514500420474,4245.642,-29.57615074521709,4.417859136134666,25.187218610299727,25.187218610299727,247.50258852648065,0.24750258852648066,-29.57615074521709,0.24708661456704034,0.0306287656636542,0.1822393110216262,0.4599546912523207,0.24708661456704034,0.0306287656636542,0.1822393110216262,0.4599546912523207
9966,41.52179961464354,1299.9419189453124,921.5675170898436,4240.784,239.80087909450043,170.00198049031263,4240.784,-30.26371475103224,3.1673286878694284,25.112831280586228,25.112831280586228,256.78596374807745,0.25678596374807744,-30.26371475103224,0.2463568748625509,0.03296951558901447,0.19081092302746802,0.4701373134790334,0.2463568748625509,0.03296951558901447,0.19081092302746802,0.4701373134790334
9967,41.52596596017983,1294.342822265625,925.8935974121092,4231.194,238.76801117451407,170.80001450182786,4231.194,-24.37939030520829,2.369294676354201,25.065360529898378,25.065360529898378,245.76165364619544,0.24576165364619545,-24.37939030520829,0.2458911867983031,0.03019939520145627,0.12382388992785084,0.3999144719276102,0.2458911867983031,0.03019939520145627,0.12382388992785084,0.3999144719276102
9968,41.53013230571612,1288.8468139648437,927.7851623535156,4229.145,237.7541600148351,171.14895234989845,4229.145,-4.404590057069072,2.02035682828361,25.04460409426744,25.04460409426744,243.39432011555692,0.24339432011555692,-4.404590057069072,0.24568756616476362,0.0296203975322571,0.004041752827256611,0.2793497165242773,0.24568756616476362,0.0296203975322571,0.004041752827256611,0.2793497165242773
9969,41.534298651252406,1283.3491943359377,923.8000122070312,4229.091,236.74001161272147,170.41380988351358,4229.091,-31.60744167328085,2.755499294668482,25.08833376523165,25.08833376523165,243.64056181820882,0.2436405618182088,-31.60744167328085,0.2461165542369225,0.029680361681546214,0.2081313269020523,0.48392824282052105,0.2461165542369225,0.029680361681546214,0.2081313269020523,0.48392824282052105
