frame_index,timestamp,x,y,theta,x_mm,y_mm,theta_unwrapped,omega_rad_s
12758,53.15420929311916,1015.2382202148438,836.7529174804687,3585.964,187.28145784803908,154.3561925901289,3585.964,3.998814911057707
12759,53.15837563653452,1016.5705688476562,836.6823120117188,3585.964,187.5272368084314,154.34316796708356,3585.964,0.0
12760,53.16254197994987,1017.65,836.9,3585.964,187.7263599657676,154.3833249696368,3585.964,0.0
12761,53.16670832336523,1018.3,836.9000183105469,3585.964,187.84626576243411,154.38332834739174,3585.964,7.990103040356189e-05
12762,53.17087466678058,1019.6676513671875,836.4705871582031,3585.964,188.0985570343492,154.30411098672215,3585.964,-6.791587838961277e-05
12763,53.17504101019595,1020.5882385253906,836.1029541015624,3585.964,188.2683781675882,154.23629354897218,3585.964,1.198515747091733e-05
12764,53.1792073536113,1021.5705871582032,836.3823486328124,3585.964,188.449592468237,154.28783358567037,3585.964,6.791587657062337e-05
12765,53.18337369702666,1022.5264404296876,836.0058715820312,3585.964,188.6259191574888,154.2183846922848,3585.964,5.710255054190384
12766,53.187540040442016,1023.1269287109374,835.9346069335937,3588.69,188.73669150479992,154.20523847006166,3588.69,5.710448814192205
12767,53.19170638385737,1023.6384643554686,836.1423217773437,3588.69,188.83105471861663,154.24355572209137,3588.69,7.79035053710686e-05
12768,53.19587272727273,1024.225,835.6249999999999,3588.69,188.93925321666416,154.14812513771386,3588.69,-5.7104108612020354
12769,53.200039070688085,1024.6764770507812,835.655889892578,3585.964,189.02253739428048,154.15382341029618,3585.964,-5.710412858727977
12770,53.20420541410344,1025.2029541015625,835.9617797851562,3585.964,189.1196568561276,154.21025105839135,3585.964,14.475872616577362
12771,53.2083717575188,1025.716906738281,836.1353820800781,3592.875,189.21446593359624,154.24227555296943,3592.875,3.157411106802101
12772,53.21253810093416,1026.0811889648437,835.9653137207031,3587.471,189.28166524219236,154.2109029650946,3587.471,-11.318511447921992
12773,53.21670444434951,1026.167651367187,835.9794311523438,3587.471,189.29761500101495,154.21350721415268,3587.471,-5.792824777017813e-05
12774,53.22087078776487,1026.105908203125,835.576495361328,3587.471,189.28622521136015,154.13917746488005,3587.471,11.318621311840616
12775,53.22503713118022,1026.7007568359377,835.6561279296874,3592.875,189.39595721015004,154.1538673211104,3592.875,10.334928752014092
12776,53.22920347459558,1026.2934448242186,835.6508728027343,3592.405,189.32082017744693,154.15289790544287,3592.405,-0.9837265177638984
12777,53.233369818010935,1026.2934448242186,835.6508728027343,3592.405,189.32082017744693,154.15289790544287,3592.405,-5.992576916469261e-06
12778,53.23753616142629,1026.2921264648437,835.6410217285155,3592.405,189.32057697909133,154.1510806732856,3592.405,9.987628800445236e-06
12779,53.24170250484165,1026.3144287109374,835.658087158203,3592.405,189.3246910846072,154.1542287408889,3592.405,-7.781893042149932
12780,53.24586884825701,1026.1961425781249,835.6307678222655,3588.69,189.3028707877003,154.1491891305197,3588.69,-7.781909022355649
12781,53.25003519167236,1026.2365356445312,835.6826599121093,3588.69,189.31032211509608,154.15876168801725,3588.69,3.995051611127565e-05
12782,53.25420153508772,1025.736499023437,835.5326782226562,3588.69,189.2180801313811,154.13109449731067,3588.69,6.660328256270077
12783,53.25836787850307,1025.6859985351562,835.6519897460937,3591.87,189.20876428325892,154.15310394849416,3591.87,-1.997525851038517e-05
12784,53.26253422191843,1025.1557495117188,835.7288574218749,3588.69,189.11094900389443,154.1672837637287,3588.69,-6.660300290908708
12785,53.266700565333785,1024.575,836.1250183105468,3588.69,189.0038178764077,154.24036374367387,3588.69,-1.8189894035458565e-12
12786,53.27086690874915,1024.575,835.6249999999999,3588.69,189.0038178764077,154.14812513771386,3588.69,9.094947017729282e-13
12787,53.275033252164505,1023.6442138671874,835.3211608886718,3588.69,188.8321153336676,154.09207579817192,3588.69,7.99010376795195e-06
12788,53.27919959557986,1023.13271484375,835.7634643554686,3588.69,188.7377588753607,154.1736677205637,3588.69,-4.04371729320701
12789,53.28336593899522,1022.47392578125,835.776739501953,3586.759,188.61623175632332,154.1761165928946,3586.759,-4.853152694779965
12790,53.287532282410574,1021.9178955078124,836.1426513671875,3586.373,188.5136605980045,154.24361652168028,3586.373,-1.66664962242794
12791,53.29169862582593,1020.5529357910154,836.6117797851562,3585.964,188.2618658560655,154.3301568550579,3585.964,4.853182657666366
12792,53.295864969241286,1019.6153930664062,836.6769287109374,3588.69,188.08891692175283,154.34217490713144,3588.69,2.1816437305324143
12793,53.30003131265664,1018.1558959960936,836.825537109375,3587.005,187.81968283106303,154.36958876621756,3587.005,-5.710464794397922
12794,53.304197656072,1017.1058715820312,836.8235229492187,3585.964,187.62598434815916,154.36921721317427,3585.964,-2.18173561671847
12795,53.30836399948736,1016.0264770507812,836.8058898925781,3585.964,187.4268679463329,154.36596443516785,3585.964,3.3957938285311684e-05
12796,53.31253034290271,1014.4382385253906,837.2529541015625,3585.964,187.13388486066592,154.44843457384383,3585.964,-1.8749815743040017
12797,53.31669668631807,1012.872998046875,837.3238708496094,3585.069,186.84514423520253,154.46151661872318,3585.069,2.3970309484866448e-05
12798,53.320863029733424,1011.5353027343748,838.6912109374999,3585.964,186.59837897036795,154.71375046880422,3585.964,3.54170710271228
12799,53.32502937314878,1009.896710205078,838.2860595703124,3586.759,186.29610705861836,154.63901201118395,3586.759,-9.213359971084174
12800,53.329195716564136,1008.1849853515624,839.1549926757812,3581.565,185.98034439364173,154.79930449773963,3581.565,-10.880031566296566
12801,53.33336205997949,1005.8650146484374,839.5950073242187,3581.565,185.55237833917812,154.88047420076407,3581.565,-5.5930721828190144e-05
12802,53.33752840339485,1003.5449890136716,839.6849853515625,3581.565,185.1244021514497,154.89707248853506,3581.565,-5.4511959349729295
12803,53.341694746810205,1000.89716796875,840.6126403808593,3578.962,184.63595739480064,155.06819743518056,3578.962,-5.067814805872331
12804,53.34586109022556,998.751416015625,841.5161437988281,3579.146,184.2401295526648,155.2348671230614,3579.146,-1.6000660953959596
12805,53.35002743364092,996.1534362792968,842.1585998535156,3578.199,183.76087904496003,155.35338128469306,3578.199,-9.408106750087429
12806,53.354193777056274,992.6470458984376,843.2882385253905,3574.654,183.1140536110508,155.56176624607235,3574.654,-9.97768524782623
12807,53.35836012047163,989.55,844.6999816894531,3573.435,182.54274014064293,155.82219115188084,3573.435,-5.343441403960242
12808,53.36252646388699,986.1225830078124,845.8204467773437,3572.103,181.91048296378628,156.02888385803564,3572.103,-3.157389134019468
12809,53.36669280730235,982.7918640136718,846.8910156249999,3571.928,181.2960637107633,156.22637218198125,3571.928,-0.8451172046907232
12810,53.370859150717706,978.7261474609376,849.1628295898437,3571.699,180.5460591226461,156.64545474095488,3571.699,-8.23771244636373
12811,53.37502549413306,975.0449096679686,851.3718994140625,3567.995,179.86697950682296,157.05296285967037,3567.995,-16.658174531857185
12812,53.37919183754842,970.8969604492188,853.4822204589843,3563.746,179.10180542127415,157.442254745999,3563.746,-7.398603799234479
12813,53.383358180963775,966.0033630371092,856.2547302246094,3564.462,178.1990812731749,157.9537008878654,3564.462,-7.439273424242856
12814,53.38752452437913,962.027862548828,859.4434387207032,3560.194,177.46571888364298,158.54192339949867,3560.194,-15.021569694779828
12815,53.39169086779449,957.6204589843747,863.1888366699218,3557.291,176.65268313652464,159.2328386686286,3557.291,-10.880075511862742
12816,53.39585721120984,953.4,867.65,3555.0,175.87413314141676,160.05579150424825,3555.0,-8.934413485138975
12817,53.4000235546252,949.052490234375,872.4223266601562,3553.025,175.07214603070446,160.93614478138548,3553.025,-10.880019581141823
12818,53.40418989804056,944.2860595703124,878.0467102050779,3549.806,174.19288039065762,161.97367738094283,3549.806,-26.56281026168199
12819,53.40835624145591,939.3025024414062,884.812451171875,3540.343,173.27356133254233,163.22175670504058,3540.343,-25.356935904942475
12820,53.41252258487127,933.8450012207032,891.4023742675781,3537.699,172.26681359150038,164.43740282621258,3537.699,-12.571820050743554
12821,53.41668892828663,928.77177734375,900.0860595703125,3534.341,171.33095366744806,166.03928621732993,3534.341,-16.16238064160916
12822,53.42085527170198,923.2635009765625,908.200354003906,3529.983,170.31483941195987,167.5361338149411,3529.983,-20.861184518887967
12823,53.42502161511734,917.9547363281248,915.5114624023436,3524.381,169.33552917428864,168.8848173180648,3524.381,-26.6177502109058
12824,53.42918795853269,911.0604614257812,920.551300048828,3517.275,168.0637391364364,169.81451846894475,3517.275,-30.122672876264915
12825,53.43335430194805,905.35,922.35,3510.0,167.01032771091008,170.14632546988227,3510.0,-31.87600513018788
12826,53.437520645363406,897.8959960937499,921.179638671875,3502.057,165.63528420824127,169.9304283815183,3502.057,-31.27478182894174
12827,53.44168698877876,891.9809326171875,915.4284240722654,3495.069,164.5441297490249,168.86949919941574,3495.069,-21.97510077853167
12828,53.44585333219412,886.5799926757812,908.7899963378906,3491.565,163.54781589299,167.64490540540996,3491.565,-16.103781225145212
12829,53.45001967560948,881.062432861328,902.16982421875,3487.38,162.52998911574764,166.42367923307847,3487.38,-20.489780554400568
12830,53.45418601902483,876.425634765625,895.2886779785156,3481.783,161.6746368547517,165.1543110455176,3481.783,-15.995195723405232
12831,53.45835236244019,871.5337036132812,888.8220397949218,3479.744,160.7722200823519,163.9614073483509,3479.744,-12.908794660760575
12832,53.46251870585555,867.3918579101562,883.0765869140624,3475.62,160.0081719151161,162.90154103313586,3475.62,-14.369673159370905
12833,53.46668504927091,863.3534057617187,877.5920227050781,3472.883,159.26319680410336,161.88980097029386,3472.883,-13.562353137623177
12834,53.47085139268626,858.7212829589844,872.6464782714843,3469.145,158.40870699653522,160.97749413143225,3469.145,-13.083737969138385
12835,53.47501773610162,854.6397094726562,868.6096923828125,3466.637,157.65577727264076,160.23282639611898,3466.637,-10.42014120453041
12836,53.479184079516976,850.6825561523436,865.3973632812499,3464.17,156.92579939355784,159.64024658061422,3464.17,-10.692300097853147
12837,53.48335042293233,846.7482360839844,862.0212890625,3461.532,156.2000335748841,159.01746062860695,3461.532,-8.522315925334624
12838,53.48751676634769,843.5549499511718,859.5410095214843,3460.101,155.610966624516,158.55992232965107,3460.101,-6.015508954740653
12839,53.491683109763045,839.1536804199218,857.932940673828,3458.66,154.79906242530234,158.263281135385,3458.66,-4.459939743758696
12840,53.4958494531784,835.409716796875,855.7234374999999,3457.972,154.10841174697595,157.85569307646932,3457.972,-5.16648059455747
12841,53.50001579659376,831.887158203125,854.5808349609374,3456.193,153.45860375545547,157.64491666459307,3456.193,-6.023618909433026
12842,53.50418214000912,828.9127380371093,853.5684020996093,3455.096,152.90991110987508,157.45815271257928,3455.096,-2.7034673793004917
12843,53.50834848342447,825.7968139648436,852.8245239257811,3454.902,152.33511517412492,157.32092916633965,3454.902,-1.6943732828158318
12844,53.51251482683983,822.7401245117187,851.9478088378906,3454.287,151.77124627560295,157.15920113393486,3454.287,-1.28945882573953
12845,53.51668117025518,819.773779296875,851.5184692382812,3454.287,151.22404321995072,157.08000066203996,3454.287,-2.3970308575371743e-05
12846,53.52084751367054,817.2733398437499,851.55908203125,3454.287,150.76278601280686,157.08749252249498,3454.287,-0.6082785623220843
12847,53.525013857085895,814.8151245117188,851.924169921875,3453.996,150.30931790855269,157.1548404523084,3453.996,1.2896186278012465
12848,53.52918020050125,812.5322509765624,851.6771484374999,3454.903,149.88819518559578,157.10927228634262,3454.903,3.75458142822572
12849,53.53334654391661,810.4142028808594,852.2544189453125,3455.789,149.49747788668284,157.21576164039092,3455.789,3.201067032858191
12850,53.53751288733197,808.0296142578125,853.237335205078,3456.431,149.05759173503898,157.3970806514428,3456.431,3.1731735827806915
12851,53.54167923074732,806.4551635742187,854.4182250976562,3457.304,148.7671520988412,157.6149199488968,3457.304,4.668745109246629
12852,53.54584557416268,804.8402282714843,856.6121826171875,3458.66,148.46924424647295,158.01964029386917,3458.66,5.8584395071166
12853,53.55001191757803,802.8894653320312,858.0437438964843,3460.101,148.10938611668408,158.28372105644013,3460.101,8.065329966062563
12854,53.55417826099339,801.7937927246094,860.5067932128904,3462.51,147.9072668907169,158.73808088799822,3462.51,6.625761072538808
12855,53.55834460440875,800.5499389648437,862.9969970703123,3463.264,147.67781261994546,159.19744993013109,3463.264,6.858336994883757
12856,53.56251094782411,800.321826171875,865.9057556152343,3465.785,147.63573254891355,159.7340299464997,3465.785,7.634519584692498
12857,53.566677291239465,799.0562927246093,869.7360534667969,3466.909,147.40227901629416,160.4406067393642,3466.909,7.569639947157157
12858,53.57084363465482,798.9129577636718,873.731768798828,3469.399,147.37583795063048,161.17769817034895,3469.399,10.924907980609532
12859,53.57500997807018,798.3915466308592,878.3177001953125,3472.125,147.27965300098325,162.02366702812395,3472.125,11.936391117934363
12860,53.579176321485534,798.0117919921875,883.3068969726562,3475.097,147.2095994894636,162.9440264347605,3475.097,12.043642272449688
12861,53.58334266490089,797.9380737304687,888.8958129882812,3477.875,147.19600064807855,163.97501632300074,3477.875,14.002503949569473
12862,53.587509008316246,797.8416870117187,895.3617919921874,3481.783,147.17822014607887,165.1677984209896,3481.783,16.088384296384902
12863,53.5916753517316,797.5191650390624,902.082159423828,3485.556,147.11872437058068,166.40750766834813,3485.556,17.012239972520547
12864,53.59584169514696,797.6539672851561,909.174151611328,3489.905,147.1435914024427,167.71577070403333,3489.905,21.07653377885072
12865,53.60000803856232,798.5898803710937,915.6705444335936,3495.619,147.3162397165658,168.91416325297615,3495.619,23.15685301387566
12866,53.60417438197767,800.5966186523436,920.7073669433591,3500.961,147.68642364320365,169.8433082002094,3500.961,30.12272081688297
12867,53.60834072539303,803.3499999999999,922.35,3510.0,148.19434115707696,170.14632546988227,3510.0,29.34307851241192
12868,53.612507068808384,807.8184692382812,921.4624572753904,3514.97,149.01864171691733,169.9826000583901,3514.97,22.588293254288143
12869,53.61667341222374,811.9668395996093,918.0365234375,3520.784,149.78389349082977,169.3506164796835,3520.784,20.331216957489232
12870,53.620839755639096,815.3110778808593,913.6850402832032,3524.676,150.40080665291617,168.54789639614938,3524.676,16.024839006072398
12871,53.62500609905445,819.2399963378906,908.8799926757812,3528.435,151.12557603388294,167.66150707093587,3528.435,12.607168267057205
12872,53.62917244246981,823.7616394042968,902.7221923828124,3530.695,151.95968559406657,166.5255748404095,3530.695,11.31847649122119
12873,53.633338785885165,827.1044677734375,898.3240722656249,3533.839,152.57633866902268,165.71425161504536,3533.839,11.117757110115235
12874,53.63750512930052,830.4840026855469,893.8702514648437,3536.003,153.19976301671346,164.8926532591563,3536.003,9.539200372386404
12875,53.64167147271588,834.1072875976562,890.8215270996093,3538.393,153.8681520381542,164.33025368403284,3538.393,8.159509311832153
12876,53.645837816131234,837.5472656249999,887.6546630859374,3539.899,154.50272635489912,163.74606083404197,3539.899,4.906474648117182
12877,53.65000415954659,840.535400390625,885.5359191894531,3540.736,155.05394893892895,163.35521518044135,3540.736,4.120080706488807
12878,53.65417050296195,843.4515258789063,883.927978515625,3541.866,155.5918879387014,163.05859763045987,3541.866,4.793111064692312
12879,53.65833684637731,847.3000793457031,882.8575561523437,3543.024,156.3018323532402,162.86113632855375,3543.024,2.4253558591299225
12880,53.662503189792666,849.83701171875,882.5315429687498,3543.024,156.7698214259778,162.80099652778048,3543.024,-0.1141386234257879
12881,53.66666953320802,852.3787780761718,882.9389465332031,3542.969,157.23870222601929,162.8761504492583,3542.969,-1.3472991824055498
12882,53.67083587662338,854.7441589355468,883.0938720703125,3542.381,157.675045112732,162.90472963379844,3542.381,-2.852514763367253
12883,53.675002220038735,857.5884094238281,884.1813232421875,3541.608,158.19972529844998,163.10533224779795,3541.608,-2.967772001232333
12884,53.67916856345409,860.3794128417969,886.4176513671875,3540.964,158.71458297280492,163.5178687176995,3540.964,-2.2574518316459944
12885,53.68333490686945,862.5631225585937,888.4821044921874,3540.53,159.11741290092965,163.89869932790555,3540.53,-6.5762224330401295
12886,53.6875012502848,865.1264404296875,891.5472900390625,3537.824,159.59026931853455,164.46413550471934,3537.824,-9.608634368716594
12887,53.69166759370016,867.4446899414063,895.0109252929686,3535.942,160.01791786403388,165.1030738808456,3535.942,-10.702535419983178
12888,53.69583393711552,869.4881225585937,899.3589721679687,3532.714,160.39487081156977,165.9051600723695,3532.714,-10.65680006958064
12889,53.70000028053087,870.9743713378905,903.6735778808592,3530.854,160.66903980222563,166.70107735745617,3530.854,-8.087518482495398
12890,53.70416662394623,872.7861938476562,908.9940795898438,3528.853,161.00326752753628,167.68255273604342,3528.853,-10.282335895588403
12891,53.70833296736159,874.8339660644531,913.9311096191408,3525.945,161.38102100299278,168.59328891885832,3525.945,-16.783483319479274
12892,53.71249931077694,876.668896484375,917.884454345703,3520.84,161.7195114550366,169.32256422491386,3520.84,-20.40509345116789
12893,53.7166656541923,877.4281127929687,920.9312927246092,3516.203,161.8595644339969,169.8846158912786,3516.203,-20.152574231375183
12894,53.72083199760765,877.8432800292967,922.8658203125,3511.219,161.93615052356887,170.24147907835476,3511.219,-12.99342583329053
12895,53.72499834102301,876.8499999999999,922.35,3510.0,161.7529197032214,170.14632546988227,3510.0,-21.919521621054628
12896,53.729164684438366,875.6614379882812,919.8702514648436,3500.754,161.53366512644794,169.68888512581967,3500.754,-26.55971010166104
12897,53.73333102785372,874.3831359863282,916.9250366210938,3497.32,161.29785617271767,169.14557999936724,3497.32,-13.687222469572587
12898,53.73749737126908,872.3648254394529,913.944757080078,3494.219,160.9255375049582,168.59580647220628,3494.219,-11.214093783734825
12899,53.74166371468444,869.5787475585937,911.438311767578,3491.966,160.41158844668195,168.13344136144238,3491.966,-9.036998419416705
12900,53.74583005809979,868.4448608398436,908.972625732422,3489.905,160.20241984615674,167.67859513317305,3489.905,-5.573975854949822
12901,53.74999640151515,866.40673828125,907.2707885742188,3489.305,159.8264464475532,167.36465645586358,3489.305,-3.5735736315773465
12902,53.75416274493051,864.9258544921875,905.3396545410156,3488.199,159.55326713909446,167.00841927936946,3488.199,-4.228826010285047
12903,53.75832908834587,863.8117797851562,904.2892456054688,3487.286,159.34775326941343,166.8146498636119,3487.286,-2.618037196474688
12904,53.76249543176122,862.2191162109375,903.75244140625,3486.949,159.05395389296953,166.7156253479791,3486.949,-0.7057018899686227
12905,53.76666177517658,861.2150512695312,903.6904235839844,3486.949,158.86873357496287,166.7041848920002,3486.949,-1.6493011109751023
12906,53.770828118591936,859.8681274414062,904.0594482421876,3486.161,158.62026592163895,166.77225903912554,3486.161,0.3366709861147683
12907,53.77499446200729,858.6885742187499,905.0781982421876,3487.109,158.40267320029554,166.96018831659336,3487.109,3.775419617227272
12908,53.77916080542265,857.6996520996092,906.6109008789062,3487.964,158.2202462856236,167.2429266715299,3487.964,6.779618498699165
12909,53.783327148838005,856.5615356445312,908.2923034667969,3490.346,158.01029742370747,167.5530957743272,3490.346,7.543088834405353
12910,53.78749349225336,856.0649963378905,910.744952392578,3491.565,157.9187005911859,168.0055370410799,3491.565,7.767402990096343
12911,53.79165983566872,855.7980834960937,913.2934204101562,3494.055,157.8694630574379,168.47565409942914,3494.055,9.90301373888633
12912,53.79582617908408,854.6123107910156,916.2554870605468,3496.293,157.6507230253335,169.02206788634393,3496.293,10.81022603017027
12913,53.79999252249943,855.0572326660156,918.912921142578,3499.216,157.73279796668157,169.51228596433606,3499.216,12.0719911584074
12914,53.80415886591479,855.2455200195311,920.6262145996092,3502.057,157.76753142072084,169.8283379903191,3502.057,22.588389135525176
12915,53.80832520933014,856.3499999999999,922.35,3510.0,157.97127534681377,170.14632546988227,3510.0,16.63809540265447
12916,53.8124915527455,857.3499999999999,922.85,3510.0,158.1557458032239,170.23856069808735,3510.0,5.995405855228455
12917,53.816657896160855,859.9322875976562,921.8541015625,3512.862,158.63210157494578,170.0548468587836,3512.862,12.586266157230057
12918,53.82082423957621,861.5900146484374,919.8199890136718,3516.009,158.9379032406068,169.6796131885117,3516.009,12.323967051187536
12919,53.82499058299157,863.6751586914062,918.9615783691406,3518.746,159.32255071389412,169.5212617851277,3518.746,9.65723816614718
12920,53.82915692640693,866.0498046875,917.6843200683592,3520.62,159.76060274460602,169.28564536342896,3520.62,7.235246140435265
12921,53.83332326982228,867.7093444824218,915.83173828125,3522.2,160.06673880800602,168.9438987556238,3522.2,5.178289967006094
12922,53.83748961323764,869.5269348144532,914.4341857910156,3523.092,160.40203052612247,168.68609160989317,3523.092,5.720146801884766
12923,53.84165595665299,870.959552001953,913.4391845703124,3524.931,160.66630607256158,168.5025432805814,3524.931,5.238279661417437
12924,53.84582230006835,871.3025817871094,912.5158325195312,3525.593,160.72958493359164,168.33221210634656,3525.593,2.12376941592629
12925,53.84998864348371,871.833984375,912.4311462402344,3525.945,160.82761301151734,168.316589989753,3525.945,1.0904732970175246
12926,53.85415498689907,872.8573120117187,912.363232421875,3526.113,161.01638672771995,168.3040618966837,3526.113,-0.7385412138937681
12927,53.858321330314425,873.6842224121093,912.839794921875,3525.593,161.16892726669028,168.39197359856664,3525.593,-1.7977252669961672
12928,53.86248767372978,874.22265625,913.0834350585938,3525.255,161.26825240251264,168.436918005787,3525.255,-0.7072999105985218
12929,53.86665401714514,875.158056640625,913.9703857421875,3525.255,161.44080613949745,168.6005342032028,3525.255,-2.553045697492962
12930,53.870820360560494,875.2646789550781,915.3911743164062,3524.036,161.4604748065081,168.86262771995123,3524.036,-6.2634258751213565
12931,53.87498670397585,875.2439697265625,917.237823486328,3522.265,161.45665456567193,169.20327993515608,3522.265,-8.735388005900859
12932,53.879153047391206,875.9144165039062,918.7546875,3519.866,161.58033218868724,169.48309653207025,3519.866,-9.42466224380405
12933,53.88331939080656,875.0571838378905,920.2305175781248,3517.765,161.42219808753765,169.75534358016574,3517.765,-10.024894772259358
12934,53.88748573422192,874.3902648925781,920.696905517578,3515.08,161.2991712453073,169.84137837622083,3515.08,-12.51555374439704
12935,53.89165207763728,873.8254272460937,922.3867126464844,3511.79,161.1949753868627,170.15309786853527,3511.79,-10.639493506168948
12936,53.89581842105263,872.8499999999999,922.85,3510.0,161.0150378775809,170.23856069808735,3510.0,-3.7490522768493975
12937,53.89998476446799,870.8499999999999,922.85,3510.0,160.64609696476066,170.23856069808735,3510.0,-10.63952546658129
12938,53.904151107883344,869.3045166015625,921.4507019042968,3504.92,160.36100093687662,169.98043153971918,3504.92,-13.27995093206846
12939,53.9083174512987,867.20732421875,920.4658447265624,3503.66,159.97413090083936,169.7987544866437,3503.66,-8.29412656961722
12940,53.912483794714056,865.6796936035155,919.1793640136718,3500.961,159.69232818402097,169.56143680237395,3500.961,-9.308422223251
12941,53.91665013812941,863.78466796875,918.7195983886718,3499.216,159.34275194026688,169.47662362768853,3499.216,-6.399513311886949
12942,53.92081648154477,863.0046264648437,917.6382446289062,3497.905,159.19885732802243,169.27714580608375,3497.905,-4.629577623628393
12943,53.924982824960125,862.141845703125,916.548010253906,3497.005,159.0396997671263,169.07602977333346,3497.005,-3.4382692249237152
12944,53.92914916837548,861.3969970703124,915.8240356445312,3496.264,158.9022971998749,168.94247784671273,3496.264,-2.1817775647614326
12945,53.93331551179084,860.8823486328124,915.4294128417968,3495.964,158.80735976771854,168.86968159818247,3495.964,-0.6283257311133639
12946,53.937481855206194,860.7588256835936,915.3853393554688,3495.964,158.784573432899,168.86155134204392,3495.964,-4.7940618969732895e-05
12947,53.94164819862155,860.3911743164062,915.8147155761718,3495.964,158.71675261739415,168.9407585694487,3495.964,0.6896577628494924
12948,53.94581454203691,859.9733886718749,916.3357910156247,3496.293,158.63968350886586,169.03688159358873,3496.293,5.710526717701214
12949,53.94998088545227,860.296142578125,916.7807495117188,3498.69,158.69922206925995,169.11896329044674,3498.69,4.55010805774964
12950,53.954147228867626,860.7674316406249,917.800469970703,3498.465,158.7861609777204,169.3070715889263,3498.465,2.574810738461565
12951,53.95831357228298,860.9179626464843,918.7635009765625,3499.919,158.81392950107517,169.48472235811428,3499.919,7.895388462272422
12952,53.96247991569834,862.117529296875,920.1953186035156,3502.235,159.03521410856712,169.7488504092544,3502.235,9.153254420175472
12953,53.966646259113695,863.7044494628906,921.0445495605468,3504.289,159.32795399587846,169.90550843149555,3504.289,6.489593734742812
12954,53.97081260252905,865.3318725585937,921.2780029296874,3505.333,159.62816547711518,169.9485736810514,3505.333,11.961184407993642
12955,53.97497894594441,866.8499999999999,920.35,3510.0,159.90821513912013,169.77738455706202,3510.0,9.775012286503625
12956,53.97914528935976,869.3499999999999,920.85,3510.0,160.36939128014546,169.86961978526708,3510.0,3.242671499935568
12957,53.98331163277512,870.372998046875,921.8992736816406,3511.548,160.55810419675916,170.0631797802185,3511.548,6.480676779633541
12958,53.98747797619048,871.8901916503905,921.0061889648435,3513.094,160.8379815932622,169.89843203489804,3513.094,7.975353414546589
12959,53.99164431960583,873.420587158203,920.8472351074216,3515.356,161.12029435107638,169.86910974427127,3515.356,8.443062092240325
12960,53.99581066302119,874.4515502929687,919.3377075195312,3517.125,161.31047659108864,169.59064650116943,3517.125,6.525341456213937
12961,53.99997700643655,875.0096679687499,918.4205810546874,3518.471,161.41343281347056,169.42146376361387,3518.471,4.369276043373247
12962,54.0041433498519,875.9498107910156,918.209423828125,3519.211,161.5868613889846,169.3825114936556,3519.211,2.9211657295882105
12963,54.00830969326726,876.4603759765624,917.677911376953,3519.866,161.68104558178956,169.28446314920026,3519.866,2.2911301164022007
12964,54.01247603668261,876.7087768554686,917.3016174316406,3520.305,161.72686820529407,169.2150480333641,3520.305,3.024765406965344
12965,54.01664238009797,877.6384643554687,917.307678222656,3521.31,161.89836808273787,169.21616607024893,3521.31,2.105168455806961
12966,54.020808723513326,877.6961608886718,917.3192321777342,3521.31,161.9090113885511,169.21829743361553,3521.31,-2.105232376631648
12967,54.02497506692868,877.6968017578124,917.717608642578,3520.305,161.909129609974,169.29178612190833,3520.305,-3.8698945968135376
12968,54.02914141034404,878.0810974121093,917.863525390625,3519.462,161.98002080471858,169.31870345101842,3519.462,-1.7647261410065769
12969,54.0333077537594,877.6743530273437,918.9040649414062,3519.462,161.90498848241862,169.51065225686384,3519.462,-2.076036539740926
12970,54.03747409717475,877.0541442871094,919.879345703125,3518.471,161.790578293038,169.6905627441061,3518.471,-5.256001710188684
12971,54.04164044059012,876.1116760253906,920.3343627929688,3516.953,161.6167207426467,169.774499954344,3516.953,-6.863418700475449
12972,54.04580678400547,875.8032714843749,921.0639221191406,3515.194,161.5598292162066,169.90908209622117,3515.194,-10.12056826731623
12973,54.04997312742083,874.3520690917969,921.4445373535156,3512.121,161.29212524850425,169.979294362223,3512.121,-8.326901972719497
12974,54.05413947083618,872.3602539062499,922.8183044433592,3511.219,160.92469419214177,170.23271380428767,3511.219,-4.442769012101053
12975,54.05830581425154,870.8499999999999,922.85,3510.0,160.64609696476066,170.23856069808735,3510.0,-2.553061677700498
12976,54.062472157666896,869.8499999999999,920.85,3510.0,160.46162650835052,169.86961978526708,3510.0,-8.557576250513193
12977,54.06663850108225,868.7936767578124,920.6611816406248,3505.914,160.26676607774755,169.8347883763346,3505.914,-11.961200388200268
12978,54.07080484449761,867.2460327148438,920.210400390625,3504.289,159.98127147478073,169.75163255340595,3504.289,-8.471331077166724
12979,54.074971187912965,866.5170043945312,919.768994140625,3501.87,159.84678728779676,169.67020614100616,3501.87,-5.067754880098619
12980,54.07913753132832,865.4150146484374,919.005010986328,3501.87,159.64350273637555,169.52927381984338,3501.87,-2.790479602549567
12981,54.08330387474368,864.4810974121094,918.5864746093748,3500.538,159.47122259754084,169.45206622336258,3500.538,-6.158212196908607
12982,54.08747021815904,863.9401000976562,918.2215332031247,3498.93,159.371424576027,169.38474531558867,3498.93,-3.870006458258104
12983,54.09163656157439,863.3826782226562,917.7634643554686,3498.69,159.26859670833275,169.30024514619427,3498.69,-7.99010322225513e-05
12984,54.09580290498975,863.3104248046875,917.808819580078,3498.93,159.25526808734287,169.30861184517855,3498.93,4.79406198792276e-05
12985,54.0999692484051,863.3423217773436,917.861553955078,3498.69,159.26115213644687,169.31833977940332,3498.69,1.1122862786023688
12986,54.10413559182046,863.3493347167969,918.2652587890624,3499.461,159.26244581658858,169.3928113943834,3499.461,2.574906619698595
12987,54.108301935235815,863.8972900390625,918.7471374511716,3499.919,159.36352738497928,169.481703771117,3499.919,2.708485164076592
12988,54.11246827865117,864.4427368164063,919.7197814941404,3500.754,159.4641462009433,169.66112786164803,3500.754,4.476359405722178
12989,54.11663462206653,865.4637939453124,919.7573669433592,3502.057,159.65250107553345,169.66806126661982,3502.057,4.744315504791302
12990,54.12080096548189,866.64990234375,919.9908081054688,3503.019,159.87130303314513,169.71112426433902,3503.019,9.977833064735025
12991,54.12496730889724,867.8103210449217,920.0355407714844,3506.82,160.0853660005771,169.71937611965538,3506.82,14.622160418769454
12992,54.1291336523126,869.3499999999999,920.35,3510.0,160.36939128014546,169.77738455706202,3510.0,6.660246357711912
12993,54.13329999572795,870.8499999999999,920.85,3510.0,160.64609696476066,169.86961978526708,3510.0,-1.8189894035458565e-12
12994,54.13746633914332,872.3499999999999,920.35,3510.0,160.92280264937585,169.77738455706202,3510.0,2.6664252611253687
12995,54.14163268255867,873.38984375,922.3575439453124,3511.273,161.11462310053358,170.14771710491723,3511.273,5.849554512420582
12996,54.14579902597403,875.4103515625,921.4627014160156,3512.793,161.48734709888566,169.98264509512262,3512.793,6.317422992176034
12997,54.149965369389385,876.4537658691406,920.6665466308592,3514.289,161.67982621225653,169.83577805853176,3514.289,6.736663704190505
12998,54.15413171280474,877.4995971679687,919.7789184570312,3516.009,161.87275118927934,169.6720368841832,3516.009,5.9399225789893535
12999,54.1582980562201,878.5,919.7,3517.125,162.05729595629813,169.65747876039546,3517.125,4.792671609024183
13000,54.162464399635454,878.9757751464842,918.9589965820312,3518.297,162.1450624147187,169.5207855216813,3518.297,2.819595538409885
13001,54.16663074305081,879.0922668457031,918.9233276367188,3518.471,162.1665516916416,169.51420565505984,3518.471,-0.3499025969240392
13002,54.170797086466166,879.2280029296874,918.4539978027344,3518.13,162.19159098900548,169.4276281663778,3518.13,0.7764143028007311
13003,54.17496342988152,879.31640625,918.4658813476562,3518.842,162.20789878985173,169.42982032933335,3518.842,1.094196685082352
13004,54.17912977329688,879.6452026367188,918.824267578125,3518.653,162.26855200937572,169.49593200083905,3518.653,-0.3965008784653037
13005,54.18329611671224,879.6437744140625,918.9838439941408,3518.653,162.26828854449047,169.52536913513373,3518.653,-2.2157674635382136
13006,54.18746246012759,879.1644287109375,919.4419311523436,3517.595,162.17986342385677,169.60987268228303,3517.595,-3.1995728835709087
13007,54.19162880354295,878.5600036621092,920.0199890136718,3517.125,162.06836485923372,169.71650727979372,3517.125,-5.929711227170628
13008,54.195795146958304,877.9865600585936,920.5613891601562,3514.764,161.96258145596772,169.8163796119162,3514.764,-7.65929689454515
13009,54.19996149037366,876.4556335449217,921.056396484375,3513.468,161.6801707432603,169.9076938389412,3513.468,-4.526521273265644
13010,54.204127833789016,875.3824645996092,922.3855590820312,3512.603,161.48220277811333,170.15288506997413,3512.603,-7.264410016915463
13011,54.20829417720437,873.8499999999999,922.85,3510.0,161.19950833399102,170.23856069808735,3510.0,-5.451183949819097
13012,54.21246052061973,873.3499999999999,923.35,3510.0,161.10727310578596,170.3307959262924,3510.0,0.0
13013,54.216626864035085,871.8499999999999,923.35,3510.0,160.83056742117077,170.3307959262924,3510.0,0.0
13014,54.22079320745044,870.3499999999999,922.85,3510.0,160.55386173655558,170.23856069808735,3510.0,-11.395085600173845
13015,54.2249595508658,869.6727172851563,921.1383300781248,3504.56,160.42892308502968,169.92280816637555,3504.56,-13.892200575653078
13016,54.229125894281154,868.1701904296874,920.3639160156248,3503.367,160.15175127023286,169.77995165081578,3503.367,-4.869504440862329
13017,54.23329223769652,867.2139892578125,921.0526245117188,3502.235,159.9753604036372,169.90699802142373,3502.235,-5.474275347903131
13018,54.23745858111187,866.3371826171874,919.2927795410156,3500.754,159.81361548245766,169.58235861646705,3500.754,-0.7644131678780468
13019,54.24162492452723,866.1220153808592,918.7539794921876,3501.87,159.7739234841677,169.48296592554593,3501.87,-1.4246034303332635
13020,54.245791267942586,865.631591796875,918.451953125,3500.074,159.68345482179583,169.42725098374297,3500.074,-3.762028204356284
13021,54.24995761135794,865.5248779296874,918.7493652343747,3500.074,159.66376926601043,169.48211473130124,3500.074,3.19604132528184e-05
13022,54.2541239547733,865.5459167480468,918.8694458007812,3500.074,159.66765030643555,169.50426604819222,3500.074,-0.7930496975486676
13023,54.258290298188655,865.5920043945312,919.206005859375,3499.695,159.67615211561738,169.56635143581042,3499.695,0.9716604632512826
13024,54.26245664160401,866.1959350585937,920.2757202148435,3500.538,159.78755948085706,169.7636821311922,3500.538,3.84077866095231
13025,54.26662298501937,866.5711853027344,920.68515625,3501.529,159.8567820646617,169.83921098346823,3501.529,3.181291527575013
13026,54.27078932843472,867.5779235839843,921.1251708984374,3502.057,160.04249553488944,169.92038068649265,3502.057,3.179933210040872
13027,54.27495567185008,868.7598754882812,920.360968017578,3503.047,160.2605307421299,169.77940783227055,3503.047,9.977721203291368
13028,54.27912201526544,869.7807861328124,920.3038574218748,3506.82,160.44885859468053,169.76887261461536,3506.82,14.563369239829626
13029,54.28328835868079,871.3499999999999,921.35,3510.0,160.73833219296571,169.96185501347216,3510.0,6.660374199363105
13030,54.28745470209615,872.3499999999999,920.85,3510.0,160.92280264937585,169.86961978526708,3510.0,0.0
13031,54.29162104551151,873.8499999999999,921.35,3510.0,161.19950833399102,169.96185501347216,3510.0,2.856893339890121
13032,54.29578738892686,875.3754882812499,920.6791625976562,3511.364,161.48091585348152,169.8381053316848,3511.364,5.849538532213956
13033,54.29995373234222,876.3343261718749,921.0211853027342,3512.793,161.65779311678844,169.90119841619318,3512.793,5.908649315280854
13034,54.30412007575757,876.96982421875,920.5124145507812,3514.185,161.77502373154323,169.80734524337228,3514.185,5.030457078618383
13035,54.30828641917293,877.9754089355467,920.1705017089844,3515.194,161.96052440320975,169.74427242539352,3515.194,4.228011019769838
13036,54.312452762588286,878.0605895996093,919.5924438476562,3516.203,161.9762377191867,169.63763782788288,3516.203,3.012204964821649
13037,54.31661910600364,878.5860595703125,919.2100158691404,3516.633,162.07317140451215,169.56709116414208,3516.633,2.2444519338305327
13038,54.320785449419,879.3567565917969,919.5221313476562,3517.275,162.2153422358193,169.62466724891655,3517.275,1.673383281853603
13039,54.32495179283436,879.4353271484374,919.345928955078,3517.431,162.22983618226317,169.5921631131371,3517.431,0.3275942289419618
13040,54.32911813624971,879.5382141113281,919.3071655273436,3517.431,162.24881578726627,169.5850124059309,3517.431,1.5980204807419796e-05
13041,54.33328447966508,879.5281616210937,919.3841064453125,3517.431,162.24696139980466,169.59920573218525,3517.431,-1.673383281853603
13042,54.33745082308043,878.9369201660156,919.8124389648436,3516.633,162.13789481873783,169.67822042755844,3516.633,-1.9864355230729416
13043,54.34161716649579,878.0672180175779,919.5883239746094,3516.483,161.97746046647467,169.63687783302157,3516.483,-4.437415642993074
13044,54.34578350991114,877.8871704101562,920.1792541503904,3514.514,161.94424700215802,169.74588699225444,3514.514,-3.3901208633715214
13045,54.3499498533265,876.9444458007813,920.5527160644532,3514.865,161.77034216319757,169.81477968199337,3514.865,-1.9639194124101775
13046,54.354116196741856,875.3908325195312,921.5962951660156,3513.576,161.48374641212052,170.00728919515868,3513.576,-5.293491274150256
13047,54.35828254015721,874.3734558105468,922.3754516601562,3512.337,161.29607046627316,170.1510205492477,3512.337,-5.0909101990127965
13048,54.36244888357257,873.838702392578,923.3137634277344,3511.146,161.19742425919358,170.32411134926784,3511.146,-7.504033210232592
13049,54.366615226987925,872.3713317871093,923.2810424804686,3508.755,160.92673773387995,170.31807530119156,3508.755,-6.398874103635535
13050,54.37078157040328,871.8748107910155,922.8441772460936,3508.091,160.83514427911334,170.23748657201668,3508.091,2.608481033114004
13051,54.37494791381864,871.3499999999999,921.85,3510.0,160.73833219296571,170.05409024167722,3510.0,-7.396246718807561
13052,54.379114257234,869.6329284667968,920.6706848144532,3504.56,160.4215832235469,169.836541431148,3504.56,-13.579196275052707
13053,54.38328060064935,868.9973022460938,920.2162231445312,3503.517,160.30432896450756,169.75270667947655,3503.517,-4.5123468302872425
13054,54.38744694406471,868.0047912597656,920.236016845703,3502.405,160.1212400098675,169.7563580325658,3502.405,-3.4497909536594307
13055,54.39161328748006,867.1219787597656,919.6039794921876,3501.87,159.95838718506798,169.6397658134945,3501.87,-2.6122843222092342
13056,54.39577963089542,866.6896545410157,920.2549377441404,3501.158,159.87863613911802,169.75984837933626,3501.158,-1.904744708518592
13057,54.399945974310775,866.627618408203,920.2092346191406,3500.961,159.86719230538415,169.75141750300816,3500.961,-0.8467112302714668
13058,54.40411231772613,866.5301147460937,920.177703857422,3500.754,159.84920576033318,169.74560100900294,3500.754,0.8104042015802406
13059,54.40827866114149,866.2200134277343,920.195867919922,3501.347,159.79200122860206,169.74895174190257,3501.347,1.927979928464083
13060,54.41244500455685,866.6596435546875,920.6742065429688,3501.674,159.87309999877274,169.83719108601463,3501.674,1.858689753991712
13061,54.4166113479722,867.1501037597657,921.0340942382812,3502.235,159.96357541665452,169.9035797334253,3502.235,4.1587048650917495
13062,54.42077769138756,867.3646118164063,921.481689453125,3503.66,160.00314581576666,169.98614782699454,3503.66,8.27581325320898
13063,54.42494403480291,868.7152709960938,920.4789916992188,3506.186,160.25230253109814,169.80117971469002,3506.186,4.722230859703814
13064,54.42911037821828,869.7875427246094,920.5258728027344,3505.914,160.45010498625308,169.80982789325256,3505.914,7.988824728458894
13065,54.43327672163363,870.8499999999999,920.85,3510.0,160.64609696476066,169.86961978526708,3510.0,8.557576250513193
13066,54.43744306504899,872.8499999999999,920.35,3510.0,161.0150378775809,169.77738455706202,3510.0,0.0
13067,54.441609408464345,873.8499999999999,920.35,3510.0,161.19950833399102,169.77738455706202,3510.0,0.0
13068,54.4457757518797,875.8499999999999,920.85,3510.0,161.5684492468113,169.86961978526708,3510.0,2.9264871382838464
13069,54.44994209529506,876.3567749023437,923.0721191406247,3511.397,161.66193424434385,170.27953511733585,3511.397,6.480692759839258
13070,54.45410843871041,877.3685485839844,921.4563842773435,3513.094,161.84857659717986,169.98147976966862,3513.094,5.631137052849226
13071,54.45827478212577,878.3415954589843,920.3172424316406,3514.086,162.02807499831954,169.7713417534759,3514.086,4.081025082316955
13072,54.462441125541126,877.9573913574218,920.0330078124998,3515.042,161.95720069234966,169.71890886355544,3515.042,3.7081429487470814
13073,54.46660746895648,878.4655395507812,919.9733886718748,3515.856,162.05093902150264,169.70791089347358,3515.856,2.3620502719168144
13074,54.47077381237184,878.9951293945312,919.5575805664062,3516.17,162.1486327016894,169.63120658247874,3516.17,0.6580009741928734
13075,54.4749401557872,879.0107299804687,919.9133300781248,3516.17,162.15151054889753,169.69683185727317,3516.17,0.0
13076,54.47910649920255,879.0124877929686,919.8972900390625,3516.17,162.1518348133717,169.69387294394647,3516.17,9.58812379394658e-05
13077,54.48327284261791,878.9955688476562,920.0535705566406,3516.17,162.14871376780792,169.72270208235213,3516.17,0.3560709565517754
13078,54.487439186033264,878.9725708007811,920.1469543457032,3516.34,162.1444713076043,169.7399286325418,3516.34,-1.5287624149304977
13079,54.49160552944862,878.3604187011717,920.515264892578,3515.44,162.031547330397,169.80787104722447,3515.44,-1.8847055298310809
13080,54.495771872863976,877.3944946289062,920.6828247070312,3515.44,161.8533628759286,169.83878088267264,3515.44,-3.904284000748703
13081,54.49993821627933,876.358770751953,921.009924316406,3513.576,161.6623024196322,169.89912109690562,3513.576,-6.180680366953311
13082,54.50410455969469,874.911669921875,921.4309326171874,3512.49,161.39535506903624,169.9767846903032,3512.49,-4.700433858320139
13083,54.508270903110045,873.8628906249999,921.8956298828124,3511.332,161.20188627346818,170.0625076069856,3511.332,-2.8616874017770897
13084,54.5124372465254,872.8546142578124,921.4148010253904,3511.123,161.01588907182557,169.9738088882018,3511.123,-2.790383721311628
13085,54.51660358994076,872.3499999999999,923.35,3510.0,160.92280264937585,170.3307959262924,3510.0,-7.683059461299308
13086,54.520769933356114,871.3054870605467,920.7486328125,3507.455,160.73012087070862,169.85092053392395,3507.455,-7.051250045215056
13087,54.52493627677148,871.3386291503905,920.6565673828125,3506.634,160.7362346071485,169.8339371820899,3506.634,-5.549845743449623
13088,54.52910262018683,869.3536621093749,920.9405761718748,3504.806,160.37006683113327,169.88632841303274,3504.806,-5.667891527315987
13089,54.53326896360219,869.1539123535156,920.6570068359374,3503.928,160.3332189025021,169.83401824820845,3503.928,-4.043663360010214
13090,54.537435307017546,868.1353637695312,920.1330566406248,3502.875,160.14532678033862,169.73736491654296,3502.875,-2.5832323071754217
13091,54.5416016504329,867.5171142578124,919.9734436035156,3502.694,160.03127801073651,169.7079210267384,3502.694,-1.7142606495435757
13092,54.54576799384826,867.4402832031249,919.4885681152344,3502.057,160.01710495101182,169.6184758241131,3502.057,-1.7266612896246445
13093,54.549934337263615,867.1280029296875,919.6460021972656,3501.87,159.95949846644294,169.64751776107988,3501.87,-0.8004964736801412
13094,54.55410068067897,867.0748107910156,919.1195251464844,3501.674,159.94968608834472,169.55039829923282,3501.674,0.3909557468832645
13095,54.55826702409433,867.4626953124998,919.6493713378908,3502.057,160.02123932305733,169.6481392679887,3502.057,2.51478908363606
13096,54.56243336750968,867.5753967285154,919.6030822753904,3502.875,160.04202940470782,169.6396003035025,3502.875,1.7142926099550095
13097,54.56659971092504,867.7877075195311,920.1515686035154,3502.875,160.08119447322724,169.74077982678642,3502.875,1.3446065176449338
13098,54.5707660543404,868.7693054199218,920.2398620605468,3503.517,160.26227028592356,169.75706736110303,3503.517,4.284229385498293
13099,54.57493239775575,869.7912231445312,920.6385681152344,3504.92,160.45078391499584,169.83061684898473,3504.92,13.579164314640366
13100,54.57909874117111,870.8499999999999,922.85,3510.0,160.64609696476066,170.23856069808735,3510.0,10.639557426993631
13101,54.58326508458647,871.8499999999999,921.35,3510.0,160.83056742117077,169.96185501347216,3510.0,0.0
13102,54.58743142800182,872.8499999999999,920.85,3510.0,161.0150378775809,169.86961978526708,3510.0,0.0
13103,54.59159777141718,873.8499999999999,920.35,3510.0,161.19950833399102,169.77738455706202,3510.0,0.0
13104,54.59576411483253,875.3499999999999,921.85,3510.0,161.4762140186062,170.05409024167722,3510.0,2.9265190986961898
13105,54.59993045824789,876.3529663085938,921.3793518066406,3511.397,161.6612316713165,169.9672695546396,3511.397,5.710430836460546
13106,54.604096801663246,876.8302978515625,921.4633422851562,3512.726,161.7492852389069,169.9827633165455,3512.726,6.528281814170441
13107,54.6082631450786,877.3407165527344,921.1177001953124,3514.514,161.84344240967235,169.91900256247746,3514.514,5.169692616021166
13108,54.61242948849396,877.9163757324218,920.7196655273438,3515.194,161.94963452128596,169.84557692561023,3515.194,2.7488831255768678
13109,54.61659583190932,877.8997680664061,920.51220703125,3515.826,161.94657089755614,169.80730696214965,3515.826,1.706046823509496
13110,54.62076217532468,877.8606750488279,920.0984863281247,3516.009,161.93935939076107,169.73098771521785,3516.009,0.3825181979618719
13111,54.62492851874004,877.9075317382811,920.1034301757812,3516.009,161.94800306565034,169.73189970905142,3516.009,0.9929940386482484
13112,54.62909486215539,878.3978088378906,920.2292968749998,3516.483,162.03844470598276,169.75511839650312,3516.483,-0.3203871559071558
13113,54.63326120557075,878.3172058105467,920.2197021484374,3515.856,162.02357582874058,169.75334845291502,3515.856,-1.9078288883320056
13114,54.6374275489861,877.850714111328,920.3427673339844,3515.572,161.93752189207416,169.77605034386104,3515.572,-1.8564525251103987
13115,54.64159389240146,877.3663146972656,920.4622802734374,3514.97,161.84816451107727,169.79809695034888,3514.97,-2.2165824540597896
13116,54.645760235816816,876.4299072265624,921.0378845214844,3514.514,161.6754249975708,169.90427892869772,3514.514,-3.928765676785588
13117,54.64992657923217,875.4009216308593,921.4581604003906,3513.094,161.485607555092,169.98180741189773,3513.094,-6.455124429776333
13118,54.65409292264753,874.8330627441405,921.9283325195312,3511.432,161.38085436708243,170.06854027730694,3511.432,-3.9276151019330423
13119,54.658259266062885,874.3313232421874,922.3272583007812,3511.219,161.28829825215817,170.14213029824788,3511.219,-2.9996285424722373
13120,54.66242560947824,872.8499999999999,922.85,3510.0,161.0150378775809,170.23856069808735,3510.0,-2.552981776669185
13121,54.6665919528936,871.8499999999999,921.35,3510.0,160.83056742117077,169.96185501347216,3510.0,-7.4908974806612605
13122,54.67075829630896,871.2869384765625,920.741455078125,3506.424,160.72669920495528,169.84959645398783,3506.424,-7.490865520248917
13123,54.67492463972431,870.4351806640624,921.0634216308592,3506.424,160.5695750525325,169.9089897709195,3506.424,-2.9186088965825547
13124,54.67909098313967,869.8260864257812,920.799884033203,3505.03,160.4572151604,169.86037486999862,3505.03,-5.4329505344421705
13125,54.68325732655502,868.7959655761717,920.2626037597656,3503.83,160.26718829711496,169.76126253273745,3503.83,-4.153878842791528
13126,54.68742366997038,868.2441467285155,919.8519409179688,3503.047,160.16539402243208,169.68550737088052,3503.047,-1.2961385519674875
13127,54.691590013385735,868.0172241210937,919.8146057128906,3503.211,160.12353350547122,169.6786201285596,3503.211,-1.002102756234308
13128,54.69575635680109,867.7666503906248,919.8608764648436,3502.569,160.07731005504723,169.68715571529083,3502.569,-0.7038002454210073
13129,54.69992270021645,867.7715393066405,919.822314453125,3502.875,160.078211915616,169.68004216338898,3502.875,0.641701163777725
13130,54.70408904363181,867.7461608886717,919.7692321777344,3502.875,160.07353034727032,169.67025005182035,3502.875,1.031506335807535
13131,54.70825538704716,868.1090698242188,920.0780151367188,3503.367,160.140476324246,169.7272113851959,3503.367,1.6438358804234667
13132,54.71242173046252,868.7585205078124,920.1268310546874,3503.66,160.2602807882644,169.73621647986366,3503.66,1.9310481280681413
13133,54.71658807387788,869.2192993164062,920.5930480957032,3504.289,160.3452808653898,169.82221975020602,3504.289,3.3021338475400626
13134,54.72075441729324,870.3427490234374,920.4130981445312,3505.236,160.55252414559968,169.78902430058235,3505.236,11.961200388200268
13135,54.72492076070859,870.8499999999999,920.85,3510.0,160.64609696476066,169.86961978526708,3510.0,9.977817084528397
13136,54.72908710412395,871.8499999999999,920.85,3510.0,160.83056742117077,169.86961978526708,3510.0,0.0
13137,54.733253447539305,872.8499999999999,920.35,3510.0,161.0150378775809,169.77738455706202,3510.0,0.0
13138,54.73741979095466,873.8499999999999,920.85,3510.0,161.19950833399102,169.86961978526708,3510.0,0.0
13139,54.74158613437002,874.3499999999999,920.85,3510.0,161.2917435621961,169.86961978526708,3510.0,0.0
13140,54.74575247778537,875.3499999999999,921.85,3510.0,161.4762140186062,170.05409024167722,3510.0,3.332672021760118
13141,54.74991882120073,876.3519592285156,921.4292114257812,3511.591,161.66104589479485,169.97646718133893,3511.591,5.849490591594986
13142,54.754085164616086,876.8971862792969,921.4327636718748,3512.793,161.76162417769962,169.97712246579712,3512.793,3.931737995155345
13143,54.75825150803144,877.4068176269532,920.6125366210936,3513.468,161.8556361050027,169.82581480737954,3513.468,3.134389622114213
13144,54.7624178514468,877.3351501464844,920.3976440429686,3514.289,161.84241557217084,169.78617347541368,3514.289,3.615585593916876
13145,54.76658419486216,877.8524536132811,920.4729553222656,3515.194,161.9378427787934,169.80006618147843,3515.194,0.9939368708191978
13146,54.77075053827751,877.8944580078123,920.416192626953,3514.764,161.9455913486238,169.78959514116704,3514.764,-0.9022903877475984
13147,54.77491688169287,877.8944946289062,920.4162109375,3514.764,161.9455981041337,169.789598518922,3514.764,-0.5230641122798261
13148,54.779083225108224,877.5427368164062,920.4086303710936,3514.514,161.88070917991598,169.78820012837718,3514.514,-1.212178548121301
13149,54.78324956852358,877.3777221679687,920.4215576171872,3514.185,161.85026885240438,169.7905848233642,3514.185,-1.4658803031798016
13150,54.787415911938936,876.9130432128907,921.4541870117188,3513.814,161.76454931347695,169.9810744390759,3513.814,-3.055095838502893
13151,54.79158225535429,875.943310546875,921.4901306152344,3512.726,161.5856622859812,169.98770497202148,3512.726,-5.062417491198175
13152,54.79574859876965,875.8500915527343,922.3463562011718,3511.397,161.568466135586,170.1456532966494,3511.397,-2.9200790755612616
13153,54.799914942185005,874.8640258789062,922.3468139648436,3511.332,161.38656615068456,170.14573774052286,3511.332,-2.9264551778705936
13154,54.80408128560036,874.3499999999999,922.35,3510.0,161.2917435621961,170.14632546988227,3510.0,-2.7903517608992843
13155,54.80824762901572,872.8499999999999,922.85,3510.0,161.0150378775809,170.23856069808735,3510.0,-1.8189894035458565e-12
13156,54.81241397243108,872.8499999999999,920.35,3510.0,161.0150378775809,169.77738455706202,3510.0,1.8189894035458565e-12
13157,54.81658031584644,871.8499999999999,920.35,3510.0,160.83056742117077,169.77738455706202,3510.0,-7.988856688862143
13158,54.82074665926179,870.758428955078,920.676104736328,3506.186,160.62920481230995,169.83754124661,3506.186,-10.188947570029995
13159,54.82491300267715,870.4064331054686,920.15048828125,3505.136,160.56427197727805,169.74058053924503,3505.136,-3.682414816619712
